-- phpMyAdmin SQL Dump
-- version 4.5.2
-- http://www.phpmyadmin.net

SET SQL_MODE = "NO_AUTO_VALUE_ON_ZERO";
SET time_zone = "+00:00";


/*!40101 SET @OLD_CHARACTER_SET_CLIENT=@@CHARACTER_SET_CLIENT */;
/*!40101 SET @OLD_CHARACTER_SET_RESULTS=@@CHARACTER_SET_RESULTS */;
/*!40101 SET @OLD_COLLATION_CONNECTION=@@COLLATION_CONNECTION */;
/*!40101 SET NAMES utf8mb4 */;

-- --------------------------------------------------------

--
-- Table structure for table `categories`
--

CREATE TABLE `categories` (
  `id` int(10) UNSIGNED NOT NULL,
  `name` varchar(256) NOT NULL,
  `parent_id` int(10) UNSIGNED DEFAULT NULL
) ENGINE=InnoDB DEFAULT CHARSET=latin1;

--
-- Dumping data for table `categories`
--

INSERT INTO `categories` (`id`, `name`, `parent_id`) VALUES
(1, 'Basic', NULL),
(2, 'Basic Harvesting Tools', 1),
(3, 'Basic Armor', 1),
(4, 'Basic Discipline', 1),
(5, 'Basic Weapon', 1),
(6, 'Survivalist', 1),
(7, 'Alchemy', NULL),
(8, 'Blacksmithing', NULL),
(9, 'Armor', 8),
(10, 'Armor Components', 8),
(11, 'Weapons', 8),
(12, 'Weapon Components', 8),
(13, 'Fuel', 8),
(14, 'Cooking', NULL),
(15, 'Jewelcrafting', NULL),
(16, 'Leatherworking', NULL),
(17, 'Leatherworking Components', 16),
(18, 'Necromancy', NULL),
(19, 'Runemaking', NULL),
(20, 'Stonemasonry', NULL),
(21, 'Woodworking', NULL),
(22, 'Woodworking Components', 21),
(23, 'Wildcard_Items', NULL),
(25, 'Woodworking Weapons', 21),
(26, 'Siege Warfare', 21),
(27, 'Siege Warfare Components', 21),
(28, 'Leather Armor', 16),
(29, 'Runemaking Component', 19),
(30, 'Harvesting Tools', 19),
(31, 'Disciplines', 19),
(32, 'Accessory', 15),
(33, 'Jewelcrafting Component', 15),
(34, 'Stonemasonry Component', 20),
(35, 'Alchemy Potions', 7),
(36, 'Alchemy Component', 7),
(37, 'Geomancy', 20),
(38, 'Geomancy Architecture', 20),
(39, 'Recipes', 14);

-- --------------------------------------------------------

--
-- Table structure for table `items`
--

CREATE TABLE `items` (
  `id` int(10) UNSIGNED NOT NULL,
  `name` varchar(256) NOT NULL,
  `amount` int(10) UNSIGNED NOT NULL,
  `difficulty` int(10) UNSIGNED NOT NULL,
  `time` int(10) UNSIGNED NOT NULL,
  `chance` int(10) UNSIGNED NOT NULL,
  `parent_id` int(10) UNSIGNED DEFAULT NULL,
  `category_id` int(10) UNSIGNED NOT NULL
) ENGINE=InnoDB DEFAULT CHARSET=latin1;

--
-- Dumping data for table `items`
--

INSERT INTO `items` (`id`, `name`, `amount`, `difficulty`, `time`, `chance`, `parent_id`, `category_id`) VALUES
(1, 'Basic Boots', 1, 10, 0, 95, NULL, 3),
(7, 'Basic Runestone: Hammer', 0, 0, 0, 0, NULL, 23),
(10, 'Basic Runestone: Pickaxe', 0, 0, 0, 0, NULL, 23),
(11, 'Basic Runestone: Knife', 0, 0, 0, 0, NULL, 23),
(20, 'Harvest Tool', 1, 0, 0, 0, NULL, 2),
(21, 'Basic Chest', 1, 10, 0, 95, NULL, 3),
(22, 'Basic Gloves', 1, 10, 0, 95, NULL, 3),
(23, 'Basic Helmet', 1, 10, 0, 95, NULL, 3),
(24, 'Apprentice', 1, 5, 0, 95, NULL, 4),
(25, 'Footman', 1, 5, 0, 95, NULL, 4),
(26, 'Labourer', 1, 5, 0, 95, NULL, 4),
(27, 'Basic Arrows', 25, 10, 0, 95, NULL, 5),
(28, 'Basic Book of Sin', 1, 10, 0, 95, NULL, 5),
(29, 'Basic Bow', 1, 5, 0, 95, NULL, 5),
(30, 'Basic Mystical Staff', 1, 5, 0, 95, NULL, 5),
(31, 'Basic One Handed Rapier', 1, 5, 0, 95, NULL, 5),
(32, 'Basic One Handed Sword', 1, 5, 0, 95, NULL, 5),
(33, 'Basic Paired Axes', 1, 5, 0, 95, NULL, 5),
(34, 'Basic Paired Long Daggers', 1, 5, 0, 95, NULL, 5),
(35, 'Basic Pistol', 1, 5, 0, 95, NULL, 5),
(36, 'Basic Wooden Shield', 1, 0, 0, 0, NULL, 23),
(37, 'Basic Stone Shield', 1, 0, 0, 0, NULL, 23),
(38, 'Basic Shield', 1, 5, 0, 95, NULL, 5),
(39, 'Basic Two Handed Axe', 1, 5, 0, 95, NULL, 5),
(40, 'Basic Two Handed Polearm', 1, 5, 0, 95, NULL, 5),
(41, 'Basic Two Handed Sword', 1, 5, 0, 95, NULL, 5),
(42, 'Survivalist Cooking', 2, 5, 0, 95, NULL, 6),
(43, 'Survivalist Campfire', 1, 5, 0, 95, NULL, 6),
(44, 'Coal', 2, 0, 0, 0, NULL, 13),
(45, 'Carbon', 2, 0, 0, 0, NULL, 13),
(46, 'Brisket', 1, 25, 0, 90, NULL, 39),
(47, 'Specialty Seal', 1, 0, 0, 0, NULL, 19),
(48, 'Alchemy Seal', 1, 0, 0, 0, 47, 19),
(49, 'Blacksmithing Seal', 1, 0, 0, 0, 47, 19),
(50, 'Chopping Seal', 1, 0, 0, 0, 47, 19),
(51, 'Crafting Seal', 1, 0, 0, 0, 47, 19),
(52, 'Enchanting Seal', 1, 0, 0, 0, 47, 19),
(53, 'Jewelcrafting Seal', 1, 0, 0, 0, 47, 19),
(54, 'Leatherworking Seal', 1, 0, 0, 0, 47, 19),
(55, 'Mining Seal', 1, 0, 0, 0, 47, 19),
(56, 'Necromancy Seal', 1, 0, 0, 0, 47, 19),
(57, 'Prospecting Seal', 1, 0, 0, 0, 47, 19),
(58, 'Runemaking Seal', 1, 0, 0, 0, 47, 19),
(59, 'Skinning Seal', 1, 0, 0, 0, 47, 19),
(60, 'Stonemastonry Seal', 1, 0, 0, 0, 47, 19),
(61, 'Woodworking Seal', 1, 0, 0, 0, 47, 19),
(62, 'Parchment Paper', 5, 5, 0, 95, NULL, 22),
(63, 'Plank', 1, 5, 0, 95, NULL, 22),
(64, 'Oak Plank', 1, 0, 0, 0, 63, 22),
(65, 'Ash Plank', 1, 0, 0, 0, 63, 22),
(66, 'Spruce Plank', 1, 0, 0, 0, 63, 22),
(67, 'Birch Plank', 1, 0, 0, 0, 63, 22),
(68, 'Yew Plank', 1, 0, 0, 0, 63, 22),
(69, 'Stitched Leather', 1, 5, 0, 95, NULL, 17),
(70, 'Cat Leather', 1, 0, 0, 0, 69, 17),
(71, 'Composite Cat Leather', 1, 0, 0, 0, 69, 17),
(72, 'Metal Bar', 1, 0, 0, 0, NULL, 12),
(73, 'Blue Steel Bar', 1, 0, 0, 0, 72, 12),
(74, 'Parchment Vellum', 1, 25, 0, 78, NULL, 22),
(75, 'Weapon Blade: Curved', 1, 0, 0, 68, NULL, 12),
(76, 'Weapon Crossguard', 1, 0, 0, 78, NULL, 12),
(77, 'Wooden Weapon Grip', 1, 0, 0, 0, NULL, 23),
(78, 'Leather Weapon Grip', 1, 0, 0, 0, NULL, 23),
(79, 'Weapon Grip', 1, 25, 0, 78, NULL, 12),
(80, 'Weapon Pommel', 1, 0, 0, 78, NULL, 12),
(81, 'Weapon Hilt', 1, 35, 0, 68, NULL, 12),
(82, 'One Handed Scimitar', 1, 50, 0, 53, NULL, 11),
(83, 'Weapon Head: Mace', 1, 0, 0, 68, NULL, 12),
(84, 'Metal Weapon Shaft: Short', 1, 0, 0, 0, NULL, 23),
(85, 'Wooden Weapon Shaft: Short', 1, 0, 0, 0, NULL, 23),
(86, 'Weapon Shaft: Short', 1, 50, 0, 78, NULL, 12),
(87, 'One Handed Mace', 1, 50, 0, 53, NULL, 11),
(88, 'Weapon Blade: Thin', 1, 0, 0, 68, NULL, 12),
(89, 'Weapon Blade: Long', 1, 0, 0, 68, NULL, 12),
(90, 'One Handed Sword', 1, 50, 0, 53, NULL, 11),
(91, 'One Handed Rapier', 1, 50, 0, 53, NULL, 11),
(92, 'Tin Bar: Stonemasonry', 1, 0, 0, 0, 72, 12),
(93, 'Tin Bar: Skinning', 1, 0, 0, 0, 72, 12),
(94, 'Tin Bar: Prospecting', 1, 0, 0, 0, 72, 12),
(95, 'Tin Bar: Mining', 1, 0, 0, 0, 72, 12),
(96, 'Tin Bar: Leatherworking', 1, 0, 0, 0, 72, 12),
(97, 'Tin Bar: Jewelcrafting', 1, 0, 0, 0, 72, 12),
(98, 'Tin Bar: Basic Crafting', 1, 0, 0, 0, 72, 12),
(99, 'Tin Bar: Chopping', 1, 0, 0, 0, 72, 12),
(100, 'Tin Bar: Alchemy', 1, 0, 0, 0, 72, 12),
(101, 'Tin Bar', 1, 0, 0, 0, 72, 12),
(102, 'Bronze Bar', 1, 0, 0, 0, 72, 12),
(103, 'Charged Copper Bar', 1, 0, 0, 0, 72, 12),
(104, 'Copper Bar', 1, 0, 0, 0, 72, 12),
(105, 'Copper Bar: Alchemy', 1, 0, 0, 0, 72, 12),
(106, 'Copper Bar: Blacksmithing', 1, 0, 0, 0, 72, 12),
(107, 'Copper Bar: Chopping', 1, 0, 0, 0, 72, 12),
(108, 'Copper Bar: Crafting', 1, 0, 0, 0, 72, 12),
(109, 'Copper Bar: Enchanting', 1, 0, 0, 0, 72, 12),
(110, 'Copper Bar: Jewelcrafting', 1, 0, 0, 0, 72, 12),
(111, 'Copper Bar: Leatherworking', 1, 0, 0, 0, 72, 12),
(112, 'Copper Bar: Mining', 1, 0, 0, 0, 72, 12),
(113, 'Copper Bar: Necromancy', 1, 0, 0, 0, 72, 12),
(114, 'Copper Bar: Prospecting', 1, 0, 0, 0, 72, 12),
(115, 'Copper Bar: Runemaking', 1, 0, 0, 0, 72, 12),
(116, 'Copper Bar: Skinning', 1, 0, 0, 0, 72, 12),
(117, 'Copper Bar: Stonemasonry', 1, 0, 0, 0, 72, 12),
(118, 'Copper Bar: Woodworking', 1, 0, 0, 0, 72, 12),
(119, 'Crown Gold Bar', 1, 0, 0, 0, 72, 12),
(120, 'Diseased Silver Bar', 1, 0, 0, 0, 72, 12),
(121, 'Electrum Bar', 1, 0, 0, 0, 72, 12),
(122, 'Fiery Gold Bar', 1, 0, 0, 0, 72, 12),
(123, 'Gold Bar', 1, 0, 0, 0, 72, 12),
(124, 'Gold Bar: Alchemy', 1, 0, 0, 0, 72, 12),
(125, 'Gold Bar: Chopping', 1, 0, 0, 0, 72, 12),
(126, 'Gold Bar: Jewelcrafting', 1, 0, 0, 0, 72, 12),
(127, 'Gold Bar: Leatherworking', 1, 0, 0, 0, 72, 12),
(128, 'Gold Bar: Mining', 1, 0, 0, 0, 72, 12),
(129, 'Gold Bar: Prospecting', 1, 0, 0, 0, 72, 12),
(130, 'Gold Bar: Skinning', 1, 0, 0, 0, 72, 12),
(131, 'Gold Bar: Stonemasonry', 1, 0, 0, 0, 72, 12),
(132, 'Green Gold Bar', 1, 0, 0, 0, 72, 12),
(133, 'Heavy Copper Bar', 1, 0, 0, 0, 72, 12),
(134, 'Honed Iron Bar', 1, 0, 0, 0, 72, 12),
(135, 'Icy Silver Bar', 1, 0, 0, 0, 72, 12),
(136, 'Iron Bar', 1, 0, 0, 0, 72, 12),
(137, 'Iron Bar: Blacksmithing', 1, 0, 0, 0, 72, 12),
(138, 'Iron Bar: Chopping', 1, 0, 0, 0, 72, 12),
(139, 'Iron Bar: Crafting', 1, 0, 0, 0, 72, 12),
(140, 'Iron Bar: Enchanting', 1, 0, 0, 0, 72, 12),
(141, 'Iron Bar: Mining', 1, 0, 0, 0, 72, 12),
(142, 'Iron Bar: Necromancy', 1, 0, 0, 0, 72, 12),
(143, 'Iron Bar: Prospecting', 1, 0, 0, 0, 72, 12),
(144, 'Iron Bar: Runemaking', 1, 0, 0, 0, 72, 12),
(145, 'Iron Bar: Skinning', 1, 0, 0, 0, 72, 12),
(146, 'Iron Bar: Woodworking', 1, 0, 0, 0, 72, 12),
(147, 'Poinsonus Tin Bar', 1, 0, 0, 0, 72, 12),
(148, 'Rose Gold Bar', 1, 0, 0, 0, 72, 12),
(149, 'Sharp Tin Bar', 1, 0, 0, 0, 72, 12),
(150, 'Silver Bar', 1, 0, 0, 0, 72, 12),
(151, 'Silver Bar: Blacksmithing', 1, 0, 0, 0, 72, 12),
(152, 'Silver Bar: Chopping', 1, 0, 0, 0, 72, 12),
(153, 'Silver Bar: Enchanting', 1, 0, 0, 0, 72, 12),
(154, 'Silver Bar: Mining', 1, 0, 0, 0, 72, 12),
(155, 'Silver Bar: Necromancy', 1, 0, 0, 0, 72, 12),
(156, 'Silver Bar: Prospecting', 1, 0, 0, 0, 72, 12),
(157, 'Silver Bar: Runemaking', 1, 0, 0, 0, 72, 12),
(158, 'Silver Bar: Skinning', 1, 0, 0, 0, 72, 12),
(159, 'Silver Bar: Woodworking', 1, 0, 0, 0, 72, 12),
(160, 'Sterling Bar', 1, 0, 0, 0, 72, 12),
(161, 'Stony Iron Bar', 1, 0, 0, 0, 72, 12),
(162, 'Weapon Head: Hammer', 1, 50, 0, 53, NULL, 12),
(163, 'One Handed Hammer', 1, 50, 0, 53, NULL, 11),
(164, 'Weapon Head: Axe', 1, 0, 0, 0, NULL, 12),
(165, 'One Handed Axe', 1, 50, 0, 53, NULL, 11),
(166, 'Arrowhead Bundle: Crushing', 10, 15, 0, 88, NULL, 11),
(167, 'Arrowhead Bundle: Slashing', 10, 15, 0, 88, NULL, 11),
(168, 'Arrowhead Bundle: Piercing', 10, 15, 0, 88, NULL, 11),
(169, 'Book Clasp', 1, 25, 0, 78, NULL, 12),
(170, 'Staff Heel', 1, 25, 0, 78, NULL, 12),
(171, 'Bow Rest', 1, 25, 0, 78, NULL, 12),
(172, 'Bow Sight', 1, 25, 0, 78, NULL, 12),
(173, 'Pistol Trigger', 1, 25, 0, 78, NULL, 12),
(174, 'Pistol Hammer and Frizzen', 1, 25, 0, 68, NULL, 12),
(175, 'Great Weapon Crossguard', 1, 25, 0, 78, NULL, 12),
(176, 'Great Weapon Pommel', 1, 25, 0, 78, NULL, 12),
(177, 'Focus Orb Shell', 1, 35, 0, 68, NULL, 12),
(178, 'Focus Orb Core', 1, 35, 0, 68, NULL, 12),
(179, 'Sword Core: Great', 1, 35, 0, 78, NULL, 12),
(180, 'Weapon Shaft: Long', 1, 35, 0, 78, NULL, 12),
(181, 'Weapon Shaft: Medium', 1, 35, 0, 78, NULL, 12),
(182, 'Weapon Head: Great Mace', 1, 35, 0, 68, NULL, 12),
(183, 'Weapon Head: Great Axe', 1, 35, 0, 68, NULL, 12),
(184, 'Weapon Blade: Short', 1, 35, 0, 68, NULL, 12),
(185, 'Weapon Blade: Great', 1, 35, 0, 68, NULL, 12),
(186, 'Pistol Body', 1, 35, 0, 68, NULL, 12),
(187, 'Weapon Hilt: Great', 1, 35, 0, 68, NULL, 12),
(188, 'One Handed Focus Orb', 1, 50, 0, 53, NULL, 11),
(189, 'Paired Long Daggers', 1, 50, 0, 53, NULL, 11),
(190, 'Paired Axes', 1, 50, 0, 53, NULL, 11),
(191, 'Paired Maces', 1, 50, 0, 53, NULL, 11),
(192, 'Pistol Barrel', 1, 35, 0, 78, NULL, 12),
(193, 'Pistol', 1, 50, 0, 53, NULL, 11),
(194, 'Two Handed Sword', 1, 50, 0, 53, NULL, 11),
(195, 'Two Handed Axe', 1, 50, 0, 53, NULL, 11),
(196, 'Two Handed Mace', 1, 50, 0, 53, NULL, 11),
(197, 'Two Handed Polearm', 1, 50, 0, 53, NULL, 11),
(198, 'Two Handed Polemace', 1, 50, 0, 53, NULL, 11),
(199, 'Shield Cover', 1, 25, 0, 78, NULL, 10),
(200, 'Shield Base: Small', 1, 35, 0, 78, NULL, 22),
(201, 'Shield Base: Medium', 1, 35, 0, 78, NULL, 22),
(202, 'Enarmes', 1, 25, 0, 75, NULL, 17),
(203, 'Shield', 1, 50, 0, 53, NULL, 9),
(204, 'Armor Layer', 1, 10, 0, 93, NULL, 10),
(205, 'Metal Sheet', 1, 5, 0, 95, NULL, 10),
(206, 'Treated Steel', 1, 0, 0, 88, NULL, 10),
(207, 'Metal Rings', 1, 5, 0, 95, NULL, 10),
(208, 'Reinforced Padding', 1, 0, 0, 68, NULL, 17),
(209, 'Mail Hauberk', 1, 35, 0, 68, NULL, 9),
(210, 'Mail Coif', 1, 35, 0, 68, NULL, 9),
(211, 'Mail Gloves', 1, 35, 0, 68, NULL, 9),
(212, 'Mail Boots', 1, 35, 0, 68, NULL, 9),
(213, 'Plate Chest', 1, 35, 0, 68, NULL, 9),
(214, 'Plate Helmet', 1, 35, 0, 68, NULL, 9),
(215, 'Plate Gloves', 1, 35, 0, 68, NULL, 9),
(216, 'Plate Boots', 1, 35, 0, 68, NULL, 9),
(217, 'Arrow Shaft Bundle', 10, 15, 0, 88, NULL, 25),
(218, 'Advanced Arrows', 100, 25, 0, 78, NULL, 25),
(219, 'Bow Grip', 1, 35, 0, 77, NULL, 17),
(220, 'Bow String', 1, 25, 0, 65, NULL, 17),
(221, 'Lacing Sinew', 4, 5, 0, 95, NULL, 17),
(222, 'Leather Armor Layer', 1, 10, 0, 93, NULL, 17),
(223, 'Hardened Leather', 1, 5, 0, 95, NULL, 17),
(224, 'Leather Chest', 1, 35, 0, 68, NULL, 28),
(225, 'Leather Boots', 1, 35, 0, 68, NULL, 28),
(226, 'Leather Gloves', 1, 35, 0, 68, NULL, 28),
(227, 'Leather Helmet', 1, 35, 0, 68, NULL, 28),
(228, 'Book Chapter', 1, 35, 0, 68, NULL, 29),
(229, 'Book Bound Chapters', 1, 35, 0, 68, NULL, 22),
(230, 'Book Binding', 1, 35, 0, 68, NULL, 22),
(231, 'Unmarked Large Stone Runestone', 1, 5, 0, 95, NULL, 29),
(232, 'Unmarked Stone Runestone', 1, 5, 0, 95, NULL, 29),
(233, 'Unmarked Wooden Runestone', 1, 5, 0, 95, NULL, 29),
(234, 'Life Sigil', 1, 5, 0, 95, NULL, 29),
(235, 'Death Sigil', 1, 5, 0, 95, NULL, 29),
(236, 'Runestone: Death', 1, 8, 0, 95, NULL, 29),
(237, 'Runestone: Life', 1, 8, 0, 95, NULL, 29),
(238, 'Staff Head', 1, 35, 0, 68, NULL, 22),
(239, 'Staff Limb', 1, 35, 0, 67, NULL, 22),
(240, 'Bow Stave Limb', 1, 35, 0, 68, NULL, 22),
(241, 'Bow Riser', 1, 35, 0, 68, NULL, 22),
(242, 'One Handed Book', 1, 50, 0, 53, NULL, 25),
(243, 'Staff', 1, 50, 0, 53, NULL, 25),
(244, 'Bow: Recurve', 1, 50, 0, 53, NULL, 25),
(245, 'Cogs', 1, 5, 0, 95, NULL, 27),
(246, 'Gears', 1, 5, 0, 95, NULL, 27),
(247, 'Blueprint Scroll', 1, 5, 0, 95, NULL, 27),
(248, 'Siege Catapult Blueprint', 1, 25, 0, 78, NULL, 26),
(249, 'Siege Ballista Blueprint', 1, 25, 0, 78, NULL, 26),
(250, 'Siege Banner Post', 1, 25, 0, 78, NULL, 27),
(251, 'Siege Banner Flag', 1, 25, 0, 78, NULL, 27),
(252, 'Diamond Cutting Blade', 1, 25, 0, 78, NULL, 34),
(253, 'Grinding Wheel', 1, 25, 0, 78, NULL, 34),
(254, 'Ground Resource', 1, 5, 0, 97, NULL, 36),
(255, 'Powdered Stone', 1, 0, 0, 0, 254, 36),
(256, 'Ground Mineral', 1, 0, 0, 0, 254, 36),
(257, 'Ground Hattel', 1, 0, 0, 0, 254, 36),
(258, 'Ground Cinnabar', 1, 0, 0, 0, 254, 36),
(259, 'Ambrosia', 1, 5, 0, 97, NULL, 36),
(260, 'Philosopher Solution', 1, 50, 0, 53, NULL, 36),
(261, 'Philosopher Stone', 1, 75, 0, 28, NULL, 36),
(262, 'Empty Flask', 1, 5, 0, 95, NULL, 35),
(263, 'Plentiful Harvest Potion: Grave Digging', 1, 25, 0, 78, NULL, 35),
(264, 'Plentiful Harvest Potion: Logging', 1, 25, 0, 78, NULL, 35),
(265, 'Plentiful Harvest Potion: Mining', 1, 25, 0, 78, NULL, 35),
(266, 'Plentiful Harvest Potion: Quarrying', 1, 25, 0, 78, NULL, 35),
(267, 'Plentiful Harvest Potion: Skinning', 1, 25, 0, 78, NULL, 35),
(268, 'Healing Over Time Potion', 1, 25, 0, 78, NULL, 35),
(269, 'Cut Gemstone: Oval', 1, 25, 0, 78, NULL, 33),
(270, 'Cut Gemstone: Round', 1, 25, 0, 78, NULL, 33),
(271, 'Cut Gemstone: Square', 1, 25, 0, 78, NULL, 33),
(272, 'Grind Gemstone', 1, 50, 0, 53, NULL, 33),
(273, 'Polishing Paste', 1, 25, 0, 78, NULL, 34),
(274, 'Polish Gemstone', 1, 75, 0, 28, NULL, 33),
(275, 'Polish Soulgem', 1, 25, 0, 78, NULL, 33),
(276, 'Ring Setting', 1, 25, 0, 78, NULL, 32),
(277, 'Ring Band', 1, 25, 0, 78, NULL, 32),
(278, 'Ring', 1, 75, 0, 28, NULL, 32),
(279, 'Siege Banner', 1, 25, 0, 78, NULL, 26),
(280, 'Axe Sigil', 1, 5, 0, 95, NULL, 30),
(281, 'Hammer Sigil', 1, 5, 0, 95, NULL, 30),
(282, 'Pick Sigil', 1, 5, 0, 95, NULL, 30),
(283, 'Knife Sigil', 1, 5, 0, 95, NULL, 30),
(284, 'Shovel Sigil', 1, 5, 0, 95, NULL, 30),
(285, 'Runestone: Harvesting Tool', 1, 8, 0, 95, NULL, 30),
(286, 'Major Discipline', 1, 50, 0, 53, NULL, 31),
(287, 'Bricks', 1, 5, 0, 95, NULL, 38),
(288, 'Floor Tiles', 10, 5, 0, 95, NULL, 38),
(289, 'Roof Shingles', 20, 5, 0, 95, NULL, 38),
(290, 'Carpentry Nails', 10, 5, 0, 95, NULL, 38),
(291, 'Mulch', 1, 5, 0, 95, NULL, 37),
(292, 'Insulation', 1, 5, 0, 95, NULL, 38),
(293, 'Gravel', 1, 5, 0, 95, NULL, 37),
(294, 'Ore Concentrate', 1, 5, 0, 95, NULL, 37),
(295, 'Earth', 1, 5, 0, 95, NULL, 37),
(296, 'Architectural Foundation Block', 1, 5, 0, 95, NULL, 38),
(297, 'Architectural Frame', 1, 5, 0, 95, NULL, 38),
(298, 'Roof Segment', 1, 10, 0, 93, NULL, 38),
(299, 'Wall', 1, 5, 0, 95, NULL, 38),
(300, 'Masonry Arch', 1, 10, 0, 93, NULL, 38),
(301, 'Deed: Cottage', 1, 25, 0, 53, NULL, 38),
(302, 'Deed: Throne Lodge', 1, 50, 0, 53, NULL, 38),
(303, 'Deed: Villa', 1, 25, 0, 53, NULL, 38),
(304, 'Deed: Manor', 1, 25, 0, 53, NULL, 38),
(305, 'Deed: Fort Keep', 1, 50, 0, 53, NULL, 38),
(306, 'Single Square Woodland Hills Parcle', 1, 25, 0, 78, NULL, 37),
(307, 'Single Square Woodland Grove Parcel', 1, 25, 0, 78, NULL, 37),
(308, 'Single Square Woodland Creek Parcel', 1, 25, 0, 78, NULL, 37),
(309, 'Two Square Hamlet Parcel', 1, 25, 0, 78, NULL, 37),
(310, 'Three Square Village Parcel', 1, 25, 0, 78, NULL, 37),
(311, 'Three Square Shire Parcel', 1, 25, 0, 78, NULL, 37),
(312, 'Four Square Town Parcel', 1, 25, 0, 78, NULL, 37),
(313, 'Six Square City Parcel', 1, 25, 0, 78, NULL, 37),
(314, 'Eight Square Capital Parcel', 1, 25, 0, 78, NULL, 37),
(315, 'Physical Armor Layer', 1, 0, 0, 0, 204, 10),
(317, 'Physical Armor Layer', 1, 0, 0, 0, 204, 10),
(318, 'Piercing Armor Layer', 1, 0, 0, 0, 204, 10),
(319, 'Slashing Armor Layer', 1, 0, 0, 0, 204, 10),
(320, 'Crushing Armor Layer', 1, 0, 0, 0, 204, 10),
(321, 'Stitched Leather: Slash Resist', 1, 5, 0, 95, 69, 17),
(322, 'Copper Rings', 1, 5, 0, 95, 207, 10),
(323, 'Electricity Resistant Copper Ring', 1, 5, 0, 95, 207, 10),
(324, 'Crush Resistant Copper Rings', 1, 5, 0, 95, 207, 10),
(325, 'Earth Resistant Iron Rings', 1, 5, 0, 95, 207, 10),
(326, 'Iron Rings', 1, 5, 0, 95, 207, 10),
(327, 'Blue Steel Rings', 1, 5, 0, 95, 207, 10),
(328, 'Bronze Rings', 1, 5, 0, 95, 207, 10),
(329, 'Pierce Resistant Tin Rings', 1, 5, 0, 95, 207, 10),
(330, 'Tin Rings', 1, 5, 0, 95, 207, 10),
(331, 'Poison Resistant Tin Rings', 1, 5, 0, 95, 207, 10),
(332, 'Sterling Rings', 1, 5, 0, 95, 207, 10),
(333, 'Ice Resistant Silver Rings', 1, 5, 0, 95, 207, 10),
(334, 'Disease Resistant Silver Rings', 1, 5, 0, 95, 207, 10),
(335, 'Silver Rings', 1, 5, 0, 95, 207, 10),
(336, 'Rose Gold Rings', 1, 5, 0, 95, 207, 10),
(337, 'Fire Resistant Gold Rings', 1, 5, 0, 95, 207, 10),
(338, 'Crown Gold Rings', 1, 5, 0, 95, 207, 10),
(339, 'Green Gold Rings', 1, 5, 0, 95, 207, 10),
(340, 'Gold Rings', 1, 5, 0, 95, 207, 10),
(341, 'Electrum Rings', 1, 5, 0, 95, 207, 10),
(342, 'Slash Resistant Iron Rings', 1, 5, 0, 95, 207, 10),
(343, 'Copper Sheets', 1, 5, 0, 95, 205, 10),
(344, 'Electricity Resistant Copper Ring', 1, 5, 0, 95, 205, 10),
(345, 'Crush Resistant Copper Sheets', 1, 5, 0, 95, 205, 10),
(346, 'Earth Resistant Iron Sheets', 1, 5, 0, 95, 205, 10),
(347, 'Iron Sheets', 1, 5, 0, 95, 205, 10),
(348, 'Blue Steel Sheets', 1, 5, 0, 95, 205, 10),
(349, 'Bronze Sheets', 1, 5, 0, 95, 205, 10),
(350, 'Pierce Resistant Tin Sheets', 1, 5, 0, 95, 205, 10),
(351, 'Tin Sheets', 1, 5, 0, 95, 205, 10),
(352, 'Poison Resistant Tin Sheets', 1, 5, 0, 95, 205, 10),
(353, 'Sterling Sheets', 1, 5, 0, 95, 205, 10),
(354, 'Ice Resistant Silver Sheets', 1, 5, 0, 95, 205, 10),
(355, 'Disease Resistant Silver Sheets', 1, 5, 0, 95, 205, 10),
(356, 'Silver Sheets', 1, 5, 0, 95, 205, 10),
(357, 'Rose Gold Sheets', 1, 5, 0, 95, 205, 10),
(358, 'Fire Resistant Gold Sheets', 1, 5, 0, 95, 205, 10),
(359, 'Crown Gold Sheets', 1, 5, 0, 95, 205, 10),
(360, 'Green Gold Sheets', 1, 5, 0, 95, 205, 10),
(361, 'Gold Sheets', 1, 5, 0, 95, 205, 10),
(362, 'Electrum Sheets', 1, 5, 0, 95, 205, 10),
(363, 'Slash Resistant Iron Sheets', 1, 5, 0, 95, 205, 10),
(364, 'Biege Scroll', 1, 5, 0, 95, 247, 27),
(365, 'Ivory Scroll', 1, 5, 0, 95, 247, 27),
(366, 'Taupe Scroll', 1, 5, 0, 95, 247, 27),
(367, 'Ashen Scroll', 1, 5, 0, 95, 247, 27),
(368, 'Carmine Scroll', 1, 5, 0, 95, 247, 27);

-- --------------------------------------------------------

--
-- Table structure for table `item_recipes`
--

CREATE TABLE `item_recipes` (
  `id` int(10) UNSIGNED NOT NULL,
  `item_id` int(10) UNSIGNED NOT NULL,
  `reference_table` enum('resources','items','','') NOT NULL,
  `reference_id` int(10) UNSIGNED NOT NULL,
  `material_idx` int(10) UNSIGNED NOT NULL,
  `is_optional` tinyint(3) UNSIGNED NOT NULL DEFAULT '0',
  `is_wildcard` tinyint(4) DEFAULT '0',
  `quantity` int(10) UNSIGNED NOT NULL DEFAULT '1',
  `wildcard_item_id` int(10) UNSIGNED DEFAULT NULL
) ENGINE=InnoDB DEFAULT CHARSET=latin1;

--
-- Dumping data for table `item_recipes`
--

INSERT INTO `item_recipes` (`id`, `item_id`, `reference_table`, `reference_id`, `material_idx`, `is_optional`, `is_wildcard`, `quantity`, `wildcard_item_id`) VALUES
(1, 1, 'resources', 9, 0, 0, 0, 3, NULL),
(2, 1, 'resources', 17, 1, 0, 0, 3, NULL),
(3, 1, 'resources', 1, 2, 0, 0, 3, NULL),
(6, 20, 'resources', 9, 0, 0, 0, 1, NULL),
(7, 20, 'resources', 9, 1, 0, 0, 1, NULL),
(8, 20, 'resources', 9, 2, 0, 1, 1, 7),
(9, 20, 'resources', 17, 2, 0, 1, 1, 10),
(10, 20, 'resources', 1, 2, 0, 1, 1, 11),
(11, 21, 'resources', 9, 0, 0, 0, 6, NULL),
(12, 21, 'resources', 17, 1, 0, 0, 6, NULL),
(13, 21, 'resources', 1, 2, 0, 0, 6, NULL),
(14, 22, 'resources', 9, 0, 0, 0, 3, NULL),
(15, 22, 'resources', 17, 1, 0, 0, 3, NULL),
(16, 22, 'resources', 1, 2, 0, 0, 3, NULL),
(17, 23, 'resources', 9, 0, 0, 0, 3, NULL),
(18, 23, 'resources', 17, 1, 0, 0, 3, NULL),
(19, 23, 'resources', 1, 2, 0, 0, 3, NULL),
(20, 24, 'resources', 19, 0, 0, 0, 4, NULL),
(21, 24, 'resources', 19, 1, 0, 0, 4, NULL),
(22, 24, 'resources', 19, 2, 0, 0, 4, NULL),
(23, 25, 'resources', 19, 0, 0, 0, 4, NULL),
(24, 25, 'resources', 19, 1, 0, 0, 4, NULL),
(25, 25, 'resources', 19, 2, 0, 0, 4, NULL),
(26, 26, 'resources', 19, 0, 0, 0, 4, NULL),
(27, 26, 'resources', 19, 1, 0, 0, 4, NULL),
(28, 26, 'resources', 19, 2, 0, 0, 4, NULL),
(29, 27, 'resources', 9, 0, 0, 0, 1, NULL),
(30, 28, 'resources', 9, 0, 0, 0, 6, NULL),
(31, 28, 'resources', 9, 1, 0, 0, 6, NULL),
(32, 29, 'resources', 9, 0, 0, 0, 6, NULL),
(33, 29, 'resources', 9, 1, 0, 0, 6, NULL),
(34, 30, 'resources', 9, 0, 0, 0, 6, NULL),
(35, 30, 'resources', 17, 1, 0, 0, 6, NULL),
(36, 31, 'resources', 9, 0, 0, 0, 6, NULL),
(37, 31, 'resources', 17, 1, 0, 0, 6, NULL),
(38, 32, 'resources', 9, 0, 0, 0, 6, NULL),
(39, 32, 'resources', 17, 1, 0, 0, 6, NULL),
(40, 33, 'resources', 9, 0, 0, 0, 6, NULL),
(41, 33, 'resources', 17, 1, 0, 0, 6, NULL),
(42, 34, 'resources', 9, 0, 0, 0, 6, NULL),
(43, 34, 'resources', 17, 1, 0, 0, 6, NULL),
(44, 35, 'resources', 9, 0, 0, 0, 6, NULL),
(45, 35, 'resources', 17, 1, 0, 0, 6, NULL),
(46, 38, 'resources', 9, 0, 0, 0, 6, NULL),
(47, 38, 'resources', 9, 1, 0, 0, 6, NULL),
(48, 38, 'resources', 9, 2, 0, 1, 6, 36),
(49, 38, 'resources', 17, 2, 0, 1, 6, 37),
(50, 39, 'resources', 9, 0, 0, 0, 6, NULL),
(51, 39, 'resources', 17, 1, 0, 0, 6, NULL),
(52, 40, 'resources', 9, 0, 0, 0, 6, NULL),
(53, 40, 'resources', 17, 1, 0, 0, 6, NULL),
(54, 41, 'resources', 9, 0, 0, 0, 6, NULL),
(55, 41, 'resources', 17, 1, 0, 0, 6, NULL),
(56, 42, 'resources', 31, 0, 0, 0, 2, NULL),
(57, 43, 'resources', 9, 0, 0, 0, 12, NULL),
(58, 43, 'resources', 30, 1, 1, 0, 4, NULL),
(59, 44, 'resources', 30, 0, 0, 0, 5, NULL),
(60, 45, 'resources', 9, 0, 0, 0, 1, NULL),
(61, 46, 'resources', 30, 0, 0, 0, 1, NULL),
(62, 47, 'resources', 17, 0, 0, 0, 1, NULL),
(63, 47, 'resources', 1, 1, 0, 0, 1, NULL),
(64, 48, 'resources', 23, 0, 0, 0, 1, NULL),
(65, 48, 'resources', 8, 1, 0, 0, 1, NULL),
(66, 49, 'resources', 22, 0, 0, 0, 1, NULL),
(67, 49, 'resources', 5, 1, 0, 0, 1, NULL),
(68, 50, 'resources', 20, 0, 0, 0, 1, NULL),
(69, 50, 'resources', 5, 1, 0, 0, 1, NULL),
(70, 51, 'resources', 20, 0, 0, 0, 1, NULL),
(71, 51, 'resources', 8, 1, 0, 0, 1, NULL),
(72, 52, 'resources', 23, 0, 0, 0, 1, NULL),
(73, 52, 'resources', 5, 1, 0, 0, 1, NULL),
(74, 53, 'resources', 22, 0, 0, 0, 1, NULL),
(75, 53, 'resources', 8, 1, 0, 0, 1, NULL),
(76, 54, 'resources', 21, 0, 0, 0, 1, NULL),
(77, 54, 'resources', 3, 1, 0, 0, 1, NULL),
(78, 55, 'resources', 20, 0, 0, 0, 1, NULL),
(79, 55, 'resources', 3, 1, 0, 0, 1, NULL),
(80, 56, 'resources', 23, 0, 0, 0, 1, NULL),
(81, 56, 'resources', 6, 1, 0, 0, 1, NULL),
(82, 57, 'resources', 20, 0, 0, 0, 1, NULL),
(83, 57, 'resources', 6, 1, 0, 0, 1, NULL),
(84, 58, 'resources', 23, 0, 0, 0, 1, NULL),
(85, 58, 'resources', 7, 1, 0, 0, 1, NULL),
(86, 59, 'resources', 21, 0, 0, 0, 1, NULL),
(87, 59, 'resources', 7, 1, 0, 0, 1, NULL),
(88, 60, 'resources', 22, 0, 0, 0, 1, NULL),
(89, 60, 'resources', 3, 1, 0, 0, 1, NULL),
(90, 61, 'resources', 22, 0, 0, 0, 1, NULL),
(91, 61, 'resources', 7, 1, 0, 0, 1, NULL),
(92, 62, 'resources', 9, 0, 0, 0, 1, NULL),
(93, 63, 'resources', 9, 0, 0, 0, 3, NULL),
(94, 64, 'resources', 15, 0, 0, 0, 3, NULL),
(95, 65, 'resources', 12, 0, 0, 0, 3, NULL),
(96, 66, 'resources', 14, 0, 0, 0, 3, NULL),
(97, 67, 'resources', 13, 0, 0, 0, 3, NULL),
(98, 68, 'resources', 16, 0, 0, 0, 3, NULL),
(99, 69, 'resources', 24, 0, 0, 0, 3, NULL),
(100, 69, 'resources', 24, 1, 0, 0, 3, NULL),
(101, 69, 'resources', 24, 2, 0, 0, 3, NULL),
(102, 69, 'items', 47, 3, 1, 0, 1, NULL),
(103, 70, 'resources', 25, 0, 0, 0, 3, NULL),
(104, 70, 'resources', 25, 1, 0, 0, 3, NULL),
(105, 70, 'resources', 26, 2, 0, 0, 3, NULL),
(106, 71, 'resources', 25, 0, 0, 0, 3, NULL),
(107, 71, 'resources', 25, 1, 0, 0, 3, NULL),
(108, 71, 'resources', 25, 2, 0, 0, 3, NULL),
(109, 72, 'resources', 1, 0, 0, 0, 3, NULL),
(110, 72, 'resources', 1, 1, 0, 0, 3, NULL),
(111, 72, 'resources', 1, 2, 0, 0, 3, NULL),
(112, 72, 'items', 47, 3, 1, 0, 1, NULL),
(113, 73, 'resources', 5, 0, 0, 0, 3, NULL),
(114, 73, 'resources', 5, 1, 0, 0, 3, NULL),
(115, 73, 'resources', 6, 2, 0, 0, 3, NULL),
(116, 74, 'resources', 9, 0, 0, 0, 2, NULL),
(117, 74, 'items', 69, 1, 0, 0, 2, NULL),
(118, 75, 'items', 72, 0, 0, 0, 1, NULL),
(119, 75, 'items', 72, 1, 0, 0, 1, NULL),
(120, 75, 'items', 72, 2, 0, 0, 1, NULL),
(121, 76, 'items', 72, 0, 0, 0, 1, NULL),
(122, 77, 'items', 63, 0, 0, 0, 1, NULL),
(123, 78, 'items', 69, 0, 0, 0, 1, NULL),
(124, 79, 'items', 63, 0, 0, 1, 1, 77),
(125, 79, 'items', 69, 0, 0, 1, 1, 78),
(126, 80, 'items', 72, 0, 0, 0, 1, NULL),
(127, 81, 'items', 80, 0, 0, 0, 1, NULL),
(128, 81, 'items', 76, 1, 0, 0, 1, NULL),
(129, 81, 'items', 79, 2, 0, 0, 1, NULL),
(130, 82, 'items', 81, 0, 0, 0, 1, NULL),
(131, 82, 'items', 75, 1, 0, 0, 1, NULL),
(132, 83, 'items', 72, 0, 0, 0, 1, NULL),
(133, 83, 'items', 72, 1, 0, 0, 1, NULL),
(134, 84, 'items', 72, 0, 0, 0, 1, NULL),
(135, 85, 'items', 63, 0, 0, 0, 1, NULL),
(136, 86, 'items', 72, 0, 0, 1, 1, 84),
(137, 86, 'items', 63, 0, 0, 1, 1, 85),
(138, 86, 'items', 72, 1, 0, 1, 1, 84),
(139, 86, 'items', 63, 1, 0, 1, 1, 85),
(140, 87, 'items', 81, 0, 0, 0, 1, NULL),
(141, 87, 'items', 83, 1, 0, 0, 1, NULL),
(142, 87, 'items', 86, 2, 0, 0, 1, NULL),
(143, 88, 'items', 72, 0, 0, 0, 1, NULL),
(144, 88, 'items', 72, 1, 0, 0, 1, NULL),
(145, 88, 'items', 72, 2, 0, 0, 1, NULL),
(146, 89, 'items', 72, 0, 0, 0, 1, NULL),
(147, 89, 'items', 72, 1, 0, 0, 1, NULL),
(148, 89, 'items', 72, 2, 0, 0, 1, NULL),
(149, 90, 'items', 81, 0, 0, 0, 1, NULL),
(150, 90, 'items', 89, 1, 0, 0, 1, NULL),
(151, 91, 'items', 81, 0, 0, 0, 1, NULL),
(152, 91, 'items', 88, 1, 0, 0, 1, NULL),
(153, 92, 'resources', 6, 0, 0, 0, 9, NULL),
(154, 92, 'items', 60, 1, 0, 0, 1, NULL),
(155, 93, 'resources', 6, 0, 0, 0, 9, NULL),
(156, 93, 'items', 59, 1, 0, 0, 1, NULL),
(157, 94, 'resources', 6, 0, 0, 0, 9, NULL),
(158, 94, 'items', 57, 1, 0, 0, 1, NULL),
(159, 95, 'resources', 6, 0, 0, 0, 9, NULL),
(160, 95, 'items', 55, 1, 0, 0, 1, NULL),
(161, 96, 'resources', 6, 0, 0, 0, 9, NULL),
(162, 96, 'items', 54, 1, 0, 0, 1, NULL),
(163, 97, 'resources', 6, 0, 0, 0, 9, NULL),
(164, 97, 'items', 53, 1, 0, 0, 1, NULL),
(165, 98, 'resources', 6, 0, 0, 0, 9, NULL),
(166, 98, 'items', 51, 1, 0, 0, 1, NULL),
(167, 99, 'resources', 6, 0, 0, 0, 9, NULL),
(168, 99, 'items', 50, 1, 0, 0, 1, NULL),
(169, 100, 'resources', 6, 0, 0, 0, 9, NULL),
(170, 100, 'items', 48, 1, 0, 0, 1, NULL),
(171, 101, 'resources', 6, 0, 0, 0, 9, NULL),
(172, 102, 'resources', 6, 0, 0, 0, 6, NULL),
(173, 102, 'resources', 3, 1, 0, 0, 3, NULL),
(174, 103, 'resources', 3, 0, 0, 0, 6, NULL),
(175, 103, 'resources', 5, 1, 0, 0, 3, NULL),
(176, 104, 'resources', 3, 0, 0, 0, 9, NULL),
(177, 105, 'resources', 3, 0, 0, 0, 9, NULL),
(178, 105, 'items', 48, 1, 0, 0, 1, NULL),
(179, 106, 'resources', 3, 0, 0, 0, 9, NULL),
(180, 106, 'items', 49, 1, 0, 0, 1, NULL),
(181, 107, 'resources', 3, 0, 0, 0, 9, NULL),
(182, 107, 'items', 50, 1, 0, 0, 1, NULL),
(183, 108, 'resources', 3, 0, 0, 0, 9, NULL),
(184, 108, 'items', 51, 1, 0, 0, 1, NULL),
(185, 109, 'resources', 3, 0, 0, 0, 9, NULL),
(186, 109, 'items', 52, 1, 0, 0, 1, NULL),
(187, 110, 'resources', 3, 0, 0, 0, 9, NULL),
(188, 110, 'items', 53, 1, 0, 0, 1, NULL),
(189, 111, 'resources', 3, 0, 0, 0, 9, NULL),
(190, 111, 'items', 54, 1, 0, 0, 1, NULL),
(191, 112, 'resources', 3, 0, 0, 0, 9, NULL),
(192, 112, 'items', 55, 1, 0, 0, 1, NULL),
(193, 113, 'resources', 3, 0, 0, 0, 9, NULL),
(194, 113, 'items', 56, 1, 0, 0, 1, NULL),
(195, 114, 'resources', 3, 0, 0, 0, 9, NULL),
(196, 114, 'items', 57, 1, 0, 0, 1, NULL),
(197, 115, 'resources', 3, 0, 0, 0, 9, NULL),
(198, 115, 'items', 58, 1, 0, 0, 1, NULL),
(199, 116, 'resources', 3, 0, 0, 0, 9, NULL),
(200, 116, 'items', 59, 1, 0, 0, 1, NULL),
(201, 117, 'resources', 3, 0, 0, 0, 9, NULL),
(202, 117, 'items', 60, 1, 0, 0, 1, NULL),
(203, 118, 'resources', 3, 0, 0, 0, 9, NULL),
(204, 118, 'items', 61, 1, 0, 0, 1, NULL),
(205, 119, 'resources', 8, 0, 0, 0, 6, NULL),
(206, 119, 'resources', 6, 1, 0, 0, 3, NULL),
(207, 120, 'resources', 7, 0, 0, 0, 6, NULL),
(208, 120, 'resources', 6, 1, 0, 0, 3, NULL),
(209, 121, 'resources', 3, 0, 0, 0, 3, NULL),
(210, 121, 'resources', 8, 1, 0, 0, 3, NULL),
(211, 121, 'resources', 7, 2, 0, 0, 3, NULL),
(212, 122, 'resources', 8, 0, 0, 0, 6, NULL),
(213, 122, 'resources', 5, 1, 0, 0, 3, NULL),
(214, 123, 'resources', 8, 0, 0, 0, 9, NULL),
(215, 124, 'resources', 8, 0, 0, 0, 9, NULL),
(216, 125, 'resources', 8, 0, 0, 0, 9, NULL),
(217, 125, 'items', 50, 1, 0, 0, 1, NULL),
(218, 126, 'resources', 8, 0, 0, 0, 9, NULL),
(219, 126, 'items', 53, 1, 0, 0, 1, NULL),
(220, 127, 'resources', 8, 0, 0, 0, 9, NULL),
(221, 127, 'items', 54, 1, 0, 0, 1, NULL),
(222, 128, 'resources', 8, 0, 0, 0, 9, NULL),
(223, 128, 'items', 55, 1, 0, 0, 1, NULL),
(224, 129, 'resources', 8, 0, 0, 0, 9, NULL),
(225, 129, 'items', 57, 1, 0, 0, 1, NULL),
(226, 130, 'resources', 8, 0, 0, 0, 9, NULL),
(227, 130, 'items', 59, 1, 0, 0, 1, NULL),
(228, 131, 'resources', 8, 0, 0, 0, 9, NULL),
(229, 131, 'items', 60, 1, 0, 0, 1, NULL),
(230, 132, 'resources', 7, 0, 0, 0, 6, NULL),
(231, 132, 'resources', 8, 1, 0, 0, 3, NULL),
(232, 133, 'resources', 3, 0, 0, 0, 6, NULL),
(233, 133, 'resources', 6, 1, 0, 0, 3, NULL),
(234, 134, 'resources', 5, 0, 0, 0, 3, NULL),
(235, 134, 'resources', 6, 1, 0, 0, 3, NULL),
(236, 134, 'resources', 7, 2, 0, 0, 3, NULL),
(237, 135, 'resources', 7, 0, 0, 0, 6, NULL),
(238, 135, 'resources', 5, 1, 0, 0, 3, NULL),
(239, 136, 'resources', 5, 0, 0, 0, 9, NULL),
(240, 137, 'resources', 5, 0, 0, 0, 9, NULL),
(241, 137, 'items', 49, 1, 0, 0, 1, NULL),
(242, 138, 'resources', 5, 0, 0, 0, 9, NULL),
(243, 138, 'items', 50, 1, 0, 0, 1, NULL),
(244, 139, 'resources', 5, 0, 0, 0, 9, NULL),
(245, 139, 'items', 51, 1, 0, 0, 1, NULL),
(246, 140, 'resources', 5, 0, 0, 0, 9, NULL),
(247, 140, 'items', 52, 1, 0, 0, 1, NULL),
(248, 141, 'resources', 5, 0, 0, 0, 9, NULL),
(249, 141, 'items', 55, 1, 0, 0, 1, NULL),
(250, 142, 'resources', 5, 0, 0, 0, 9, NULL),
(251, 142, 'items', 56, 1, 0, 0, 1, NULL),
(252, 143, 'resources', 5, 0, 0, 0, 9, NULL),
(253, 143, 'items', 57, 1, 0, 0, 1, NULL),
(254, 144, 'resources', 5, 0, 0, 0, 9, NULL),
(255, 144, 'items', 58, 1, 0, 0, 1, NULL),
(256, 145, 'resources', 5, 0, 0, 0, 9, NULL),
(257, 145, 'items', 59, 1, 0, 0, 1, NULL),
(258, 146, 'resources', 5, 0, 0, 0, 9, NULL),
(259, 146, 'items', 61, 1, 0, 0, 1, NULL),
(260, 147, 'resources', 6, 0, 0, 0, 6, NULL),
(261, 147, 'resources', 8, 1, 0, 0, 3, NULL),
(262, 148, 'resources', 8, 0, 0, 0, 6, NULL),
(263, 148, 'resources', 3, 1, 0, 0, 3, NULL),
(264, 149, 'resources', 6, 0, 0, 0, 6, NULL),
(265, 149, 'resources', 5, 1, 0, 0, 3, NULL),
(266, 150, 'resources', 7, 0, 0, 0, 9, NULL),
(267, 151, 'resources', 7, 0, 0, 0, 9, NULL),
(268, 151, 'items', 49, 1, 0, 0, 1, NULL),
(269, 152, 'resources', 7, 0, 0, 0, 9, NULL),
(270, 152, 'items', 50, 1, 0, 0, 1, NULL),
(271, 153, 'resources', 7, 0, 0, 0, 9, NULL),
(272, 153, 'items', 52, 1, 0, 0, 1, NULL),
(273, 154, 'resources', 7, 0, 0, 0, 9, NULL),
(274, 154, 'items', 55, 1, 0, 0, 1, NULL),
(275, 155, 'resources', 7, 0, 0, 0, 9, NULL),
(276, 155, 'items', 56, 1, 0, 0, 1, NULL),
(277, 156, 'resources', 7, 0, 0, 0, 9, NULL),
(278, 156, 'items', 57, 1, 0, 0, 1, NULL),
(279, 157, 'resources', 7, 0, 0, 0, 9, NULL),
(280, 157, 'items', 58, 1, 0, 0, 1, NULL),
(281, 158, 'resources', 7, 0, 0, 0, 9, NULL),
(282, 158, 'items', 59, 1, 0, 0, 1, NULL),
(283, 159, 'resources', 7, 0, 0, 0, 9, NULL),
(284, 159, 'items', 61, 1, 0, 0, 1, NULL),
(285, 160, 'resources', 7, 0, 0, 0, 6, NULL),
(286, 160, 'resources', 3, 1, 0, 0, 3, NULL),
(287, 161, 'resources', 5, 0, 0, 0, 6, NULL),
(288, 161, 'resources', 3, 1, 0, 0, 3, NULL),
(289, 162, 'items', 72, 0, 0, 0, 1, NULL),
(290, 162, 'items', 72, 1, 0, 0, 1, NULL),
(291, 163, 'items', 81, 0, 0, 0, 1, NULL),
(292, 163, 'items', 162, 1, 0, 0, 1, NULL),
(293, 163, 'items', 86, 2, 0, 0, 1, NULL),
(294, 163, 'resources', 32, 3, 1, 0, 1, NULL),
(295, 164, 'items', 72, 0, 0, 0, 1, NULL),
(296, 164, 'items', 72, 1, 0, 0, 1, NULL),
(297, 165, 'items', 81, 0, 0, 0, 1, NULL),
(298, 165, 'items', 164, 1, 0, 0, 1, NULL),
(299, 165, 'items', 86, 2, 0, 0, 1, NULL),
(300, 165, 'resources', 32, 3, 1, 0, 1, NULL),
(301, 166, 'resources', 1, 0, 0, 0, 3, NULL),
(302, 167, 'resources', 1, 0, 0, 0, 3, NULL),
(303, 168, 'resources', 1, 0, 0, 0, 3, NULL),
(304, 169, 'items', 72, 0, 0, 0, 1, NULL),
(305, 170, 'items', 72, 0, 0, 0, 1, NULL),
(306, 171, 'items', 72, 0, 0, 0, 1, NULL),
(307, 172, 'items', 72, 0, 0, 0, 1, NULL),
(308, 173, 'items', 72, 0, 0, 0, 1, NULL),
(309, 174, 'items', 72, 0, 0, 0, 1, NULL),
(310, 174, 'items', 72, 1, 0, 0, 1, NULL),
(311, 175, 'items', 72, 0, 0, 0, 1, NULL),
(312, 176, 'items', 72, 0, 0, 0, 1, NULL),
(313, 177, 'items', 72, 0, 0, 0, 1, NULL),
(314, 177, 'resources', 17, 1, 0, 0, 3, NULL),
(315, 177, 'resources', 17, 2, 0, 0, 3, NULL),
(316, 178, 'items', 72, 0, 0, 0, 1, NULL),
(317, 178, 'items', 72, 1, 0, 0, 1, NULL),
(318, 179, 'items', 72, 0, 0, 0, 1, NULL),
(319, 179, 'items', 72, 1, 0, 0, 1, NULL),
(320, 180, 'items', 72, 0, 0, 1, 1, NULL),
(321, 180, 'items', 63, 0, 0, 1, 1, NULL),
(322, 180, 'items', 72, 1, 0, 1, 1, NULL),
(323, 180, 'items', 63, 1, 0, 1, 1, NULL),
(324, 181, 'items', 72, 0, 0, 1, 1, NULL),
(325, 181, 'items', 63, 0, 0, 1, 1, NULL),
(326, 181, 'items', 72, 1, 0, 1, 1, NULL),
(327, 181, 'items', 63, 1, 0, 1, 1, NULL),
(328, 182, 'items', 72, 0, 0, 0, 1, NULL),
(329, 182, 'items', 72, 1, 0, 0, 1, NULL),
(330, 182, 'items', 72, 2, 0, 0, 1, NULL),
(331, 182, 'items', 72, 3, 0, 0, 1, NULL),
(332, 183, 'items', 72, 0, 0, 0, 1, NULL),
(333, 183, 'items', 72, 1, 0, 0, 1, NULL),
(334, 183, 'items', 72, 2, 0, 0, 1, NULL),
(335, 183, 'items', 72, 3, 0, 0, 1, NULL),
(336, 184, 'items', 72, 0, 0, 0, 1, NULL),
(337, 184, 'items', 72, 1, 0, 0, 1, NULL),
(338, 184, 'items', 72, 2, 0, 0, 1, NULL),
(339, 185, 'items', 72, 0, 0, 0, 1, NULL),
(340, 185, 'items', 72, 1, 0, 0, 1, NULL),
(341, 185, 'items', 72, 2, 0, 0, 1, NULL),
(342, 185, 'items', 72, 3, 0, 0, 1, NULL),
(343, 186, 'items', 174, 0, 0, 0, 1, NULL),
(344, 186, 'items', 173, 1, 0, 0, 1, NULL),
(345, 186, 'items', 79, 2, 0, 0, 1, NULL),
(346, 187, 'items', 176, 0, 0, 0, 1, NULL),
(347, 187, 'items', 175, 1, 0, 0, 1, NULL),
(348, 187, 'items', 79, 2, 0, 0, 1, NULL),
(349, 187, 'items', 79, 3, 0, 0, 1, NULL),
(350, 188, 'items', 81, 0, 0, 0, 1, NULL),
(351, 188, 'items', 178, 1, 0, 0, 1, NULL),
(352, 188, 'items', 177, 2, 0, 0, 1, NULL),
(353, 188, 'resources', 32, 3, 1, 0, 1, NULL),
(354, 189, 'items', 81, 0, 0, 0, 1, NULL),
(355, 189, 'items', 81, 1, 0, 0, 1, NULL),
(356, 189, 'items', 184, 2, 0, 0, 1, NULL),
(357, 189, 'items', 184, 3, 0, 0, 1, NULL),
(358, 189, 'resources', 32, 4, 1, 0, 1, NULL),
(359, 190, 'items', 81, 0, 0, 0, 1, NULL),
(360, 190, 'items', 81, 1, 0, 0, 1, NULL),
(361, 190, 'items', 164, 2, 0, 0, 1, NULL),
(362, 190, 'items', 164, 3, 0, 0, 1, NULL),
(363, 190, 'items', 86, 4, 0, 0, 1, NULL),
(364, 190, 'items', 86, 5, 0, 0, 1, NULL),
(365, 190, 'resources', 32, 6, 1, 0, 1, NULL),
(366, 191, 'items', 81, 0, 0, 0, 1, NULL),
(367, 191, 'items', 81, 1, 0, 0, 1, NULL),
(368, 191, 'items', 83, 2, 0, 0, 1, NULL),
(369, 191, 'items', 83, 3, 0, 0, 1, NULL),
(370, 191, 'items', 86, 4, 0, 0, 1, NULL),
(371, 191, 'items', 86, 5, 0, 0, 1, NULL),
(372, 191, 'resources', 32, 6, 1, 0, 1, NULL),
(373, 192, 'items', 72, 0, 0, 0, 1, NULL),
(374, 192, 'items', 72, 1, 0, 0, 1, NULL),
(375, 193, 'items', 186, 0, 0, 0, 1, NULL),
(376, 193, 'items', 192, 1, 0, 0, 1, NULL),
(377, 193, 'resources', 32, 2, 1, 0, 1, NULL),
(378, 194, 'items', 187, 0, 0, 0, 1, NULL),
(379, 194, 'items', 185, 1, 0, 0, 1, NULL),
(380, 194, 'items', 179, 2, 0, 0, 1, NULL),
(381, 194, 'resources', 32, 3, 1, 0, 1, NULL),
(382, 195, 'items', 187, 0, 0, 0, 1, NULL),
(383, 195, 'items', 183, 1, 0, 0, 1, NULL),
(384, 195, 'items', 181, 2, 0, 0, 1, NULL),
(385, 195, 'resources', 32, 3, 1, 0, 1, NULL),
(386, 196, 'items', 187, 0, 0, 0, 1, NULL),
(387, 196, 'items', 182, 1, 0, 0, 1, NULL),
(388, 196, 'items', 181, 2, 0, 0, 1, NULL),
(389, 196, 'resources', 32, 3, 1, 0, 1, NULL),
(390, 197, 'items', 187, 0, 0, 0, 1, NULL),
(391, 197, 'items', 183, 1, 0, 0, 1, NULL),
(392, 197, 'items', 180, 2, 0, 0, 1, NULL),
(393, 197, 'resources', 32, 3, 1, 0, 1, NULL),
(394, 198, 'items', 187, 0, 0, 0, 1, NULL),
(395, 198, 'items', 182, 1, 0, 0, 1, NULL),
(396, 198, 'items', 180, 2, 0, 0, 1, NULL),
(397, 198, 'resources', 32, 3, 1, 0, 1, NULL),
(398, 199, 'items', 72, 0, 0, 0, 1, NULL),
(399, 199, 'items', 72, 1, 0, 0, 1, NULL),
(400, 200, 'items', 63, 0, 0, 0, 1, NULL),
(401, 200, 'items', 63, 1, 0, 0, 1, NULL),
(402, 201, 'items', 63, 0, 0, 0, 1, NULL),
(403, 201, 'items', 63, 1, 0, 0, 1, NULL),
(404, 201, 'items', 63, 2, 0, 0, 1, NULL),
(405, 202, 'items', 69, 0, 0, 0, 1, NULL),
(406, 202, 'items', 69, 1, 0, 0, 1, NULL),
(407, 203, 'items', 199, 0, 0, 0, 1, NULL),
(408, 203, 'items', 201, 1, 0, 1, 1, NULL),
(409, 203, 'items', 200, 1, 0, 1, 1, NULL),
(410, 203, 'items', 202, 2, 0, 0, 1, NULL),
(411, 203, 'resources', 32, 3, 1, 0, 1, NULL),
(412, 204, 'resources', 1, 0, 0, 0, 2, NULL),
(413, 204, 'resources', 1, 1, 0, 0, 2, NULL),
(414, 204, 'resources', 17, 2, 0, 0, 1, NULL),
(415, 204, 'resources', 24, 3, 0, 0, 2, NULL),
(416, 205, 'resources', 1, 0, 0, 0, 3, NULL),
(417, 205, 'resources', 1, 1, 0, 0, 3, NULL),
(418, 205, 'resources', 1, 2, 0, 0, 3, NULL),
(419, 205, 'items', 44, 3, 0, 0, 1, NULL),
(420, 205, 'items', 204, 4, 1, 0, 1, NULL),
(421, 205, 'items', 204, 5, 1, 0, 1, NULL),
(422, 205, 'items', 204, 6, 1, 0, 1, NULL),
(423, 205, 'items', 204, 7, 1, 0, 1, NULL),
(424, 205, 'items', 47, 8, 1, 0, 1, NULL),
(425, 206, 'resources', 5, 0, 0, 0, 3, NULL),
(426, 206, 'resources', 5, 1, 0, 0, 3, NULL),
(427, 206, 'items', 45, 2, 0, 0, 3, NULL),
(428, 207, 'resources', 1, 0, 0, 0, 3, NULL),
(429, 207, 'resources', 1, 1, 0, 0, 3, NULL),
(430, 207, 'resources', 1, 2, 0, 0, 3, NULL),
(431, 207, 'items', 44, 3, 0, 0, 1, NULL),
(432, 207, 'items', 204, 4, 0, 0, 1, NULL),
(433, 207, 'items', 204, 5, 0, 0, 1, NULL),
(434, 207, 'items', 204, 6, 0, 0, 1, NULL),
(435, 207, 'items', 204, 7, 0, 0, 1, NULL),
(436, 207, 'items', 47, 8, 0, 0, 1, NULL),
(437, 208, 'resources', 24, 0, 0, 0, 3, NULL),
(438, 208, 'resources', 24, 1, 0, 0, 3, NULL),
(439, 208, 'resources', 24, 2, 0, 0, 3, NULL),
(440, 208, 'resources', 1, 3, 0, 0, 1, NULL),
(441, 208, 'items', 47, 4, 1, 0, 1, NULL),
(442, 209, 'resources', 5, 0, 0, 0, 45, NULL),
(443, 209, 'resources', 6, 1, 0, 0, 10, NULL),
(444, 209, 'resources', 24, 2, 0, 0, 20, NULL),
(445, 209, 'items', 208, 3, 1, 0, 1, NULL),
(446, 209, 'items', 207, 4, 1, 0, 1, NULL),
(447, 209, 'items', 207, 5, 1, 0, 1, NULL),
(448, 209, 'items', 206, 6, 1, 0, 4, NULL),
(449, 210, 'resources', 5, 0, 0, 0, 25, NULL),
(450, 210, 'resources', 6, 1, 0, 0, 5, NULL),
(451, 210, 'resources', 24, 2, 0, 0, 15, NULL),
(452, 210, 'items', 208, 3, 1, 0, 1, NULL),
(453, 210, 'items', 207, 4, 1, 0, 1, NULL),
(454, 210, 'items', 207, 5, 1, 0, 1, NULL),
(455, 210, 'items', 206, 6, 1, 0, 2, NULL),
(456, 211, 'resources', 5, 0, 0, 0, 25, NULL),
(457, 211, 'resources', 6, 1, 0, 0, 5, NULL),
(458, 211, 'resources', 24, 2, 0, 0, 15, NULL),
(459, 211, 'items', 208, 3, 1, 0, 1, NULL),
(460, 211, 'items', 207, 4, 1, 0, 1, NULL),
(461, 211, 'items', 207, 5, 1, 0, 1, NULL),
(462, 211, 'items', 206, 6, 1, 0, 2, NULL),
(463, 212, 'resources', 5, 0, 0, 0, 25, NULL),
(464, 212, 'resources', 6, 1, 0, 0, 5, NULL),
(465, 212, 'resources', 24, 2, 0, 0, 15, NULL),
(466, 212, 'items', 208, 3, 1, 0, 1, NULL),
(467, 212, 'items', 207, 4, 1, 0, 1, NULL),
(468, 212, 'items', 207, 5, 1, 0, 1, NULL),
(469, 212, 'items', 206, 6, 1, 0, 2, NULL),
(470, 213, 'resources', 5, 0, 0, 0, 45, NULL),
(471, 213, 'resources', 3, 1, 0, 0, 10, NULL),
(472, 213, 'resources', 24, 2, 0, 0, 20, NULL),
(473, 213, 'items', 208, 3, 1, 0, 1, NULL),
(474, 213, 'items', 205, 4, 1, 0, 1, NULL),
(475, 213, 'items', 205, 5, 1, 0, 1, NULL),
(476, 213, 'items', 205, 6, 1, 0, 1, NULL),
(477, 213, 'items', 206, 7, 1, 0, 4, NULL),
(478, 214, 'resources', 5, 0, 0, 0, 25, NULL),
(479, 214, 'resources', 3, 1, 0, 0, 5, NULL),
(480, 214, 'resources', 24, 2, 0, 0, 15, NULL),
(481, 214, 'items', 208, 3, 1, 0, 1, NULL),
(482, 214, 'items', 205, 4, 1, 0, 1, NULL),
(483, 214, 'items', 205, 5, 1, 0, 1, NULL),
(484, 214, 'items', 205, 6, 1, 0, 1, NULL),
(485, 214, 'items', 206, 7, 1, 0, 2, NULL),
(486, 215, 'resources', 5, 0, 0, 0, 25, NULL),
(487, 215, 'resources', 3, 1, 0, 0, 5, NULL),
(488, 215, 'resources', 24, 2, 0, 0, 15, NULL),
(489, 215, 'items', 208, 3, 1, 0, 1, NULL),
(490, 215, 'items', 205, 4, 1, 0, 1, NULL),
(491, 215, 'items', 205, 5, 1, 0, 1, NULL),
(492, 215, 'items', 205, 6, 1, 0, 1, NULL),
(493, 215, 'items', 206, 7, 1, 0, 2, NULL),
(494, 216, 'resources', 5, 0, 0, 0, 25, NULL),
(495, 216, 'resources', 3, 1, 0, 0, 5, NULL),
(496, 216, 'resources', 24, 2, 0, 0, 15, NULL),
(497, 216, 'items', 208, 3, 1, 0, 1, NULL),
(498, 216, 'items', 205, 4, 1, 0, 1, NULL),
(499, 216, 'items', 205, 5, 1, 0, 1, NULL),
(500, 216, 'items', 205, 6, 1, 0, 1, NULL),
(501, 216, 'items', 206, 7, 1, 0, 2, NULL),
(502, 217, 'resources', 9, 0, 0, 0, 3, NULL),
(503, 218, 'items', 217, 0, 0, 0, 10, NULL),
(504, 218, 'items', 168, 1, 0, 1, 10, NULL),
(505, 218, 'items', 167, 1, 0, 1, 10, NULL),
(506, 218, 'items', 166, 1, 0, 1, 10, NULL),
(507, 219, 'items', 69, 0, 0, 0, 1, NULL),
(508, 219, 'items', 69, 1, 0, 0, 1, NULL),
(509, 220, 'items', 69, 0, 0, 0, 1, NULL),
(510, 221, 'resources', 30, 0, 0, 0, 2, NULL),
(511, 222, 'resources', 1, 0, 0, 0, 2, NULL),
(512, 222, 'resources', 1, 1, 0, 0, 2, NULL),
(513, 222, 'resources', 24, 2, 0, 0, 5, NULL),
(514, 223, 'resources', 24, 0, 0, 0, 2, NULL),
(515, 223, 'resources', 24, 1, 0, 0, 2, NULL),
(516, 223, 'resources', 24, 2, 0, 0, 2, NULL),
(517, 223, 'items', 221, 3, 0, 0, 1, NULL),
(518, 223, 'items', 222, 4, 1, 0, 1, NULL),
(519, 223, 'items', 222, 5, 1, 0, 1, NULL),
(520, 223, 'items', 222, 6, 1, 0, 1, NULL),
(521, 223, 'items', 47, 7, 1, 0, 1, NULL),
(522, 224, 'resources', 1, 0, 0, 0, 8, NULL),
(523, 224, 'resources', 24, 1, 0, 0, 25, NULL),
(524, 224, 'items', 223, 2, 1, 0, 1, NULL),
(525, 224, 'items', 223, 3, 1, 0, 1, NULL),
(526, 224, 'items', 223, 4, 1, 0, 1, NULL),
(527, 224, 'items', 208, 5, 1, 0, 1, NULL),
(528, 225, 'resources', 1, 0, 0, 0, 4, NULL),
(529, 225, 'resources', 24, 1, 0, 0, 15, NULL),
(530, 225, 'items', 223, 2, 1, 0, 1, NULL),
(531, 225, 'items', 223, 3, 1, 0, 1, NULL),
(532, 225, 'items', 223, 4, 1, 0, 1, NULL),
(533, 225, 'items', 208, 5, 1, 0, 1, NULL),
(534, 226, 'resources', 1, 0, 0, 0, 4, NULL),
(535, 226, 'resources', 24, 1, 0, 0, 15, NULL),
(536, 226, 'items', 223, 2, 1, 0, 1, NULL),
(537, 226, 'items', 223, 3, 1, 0, 1, NULL),
(538, 226, 'items', 223, 4, 1, 0, 1, NULL),
(539, 226, 'items', 208, 5, 1, 0, 1, NULL),
(540, 227, 'resources', 1, 0, 0, 0, 4, NULL),
(541, 227, 'resources', 24, 1, 0, 0, 15, NULL),
(542, 227, 'items', 223, 2, 1, 0, 1, NULL),
(543, 227, 'items', 223, 3, 1, 0, 1, NULL),
(544, 227, 'items', 223, 4, 1, 0, 1, NULL),
(545, 227, 'items', 208, 5, 0, 0, 1, NULL),
(546, 228, 'resources', 17, 0, 0, 0, 3, NULL),
(547, 228, 'items', 69, 1, 0, 0, 1, NULL),
(548, 228, 'items', 72, 2, 0, 0, 1, NULL),
(549, 229, 'items', 228, 0, 0, 0, 1, NULL),
(550, 229, 'items', 228, 1, 0, 0, 1, NULL),
(551, 229, 'items', 228, 2, 0, 0, 1, NULL),
(552, 229, 'items', 228, 3, 0, 0, 1, NULL),
(553, 229, 'items', 221, 4, 0, 0, 1, NULL),
(554, 230, 'items', 63, 0, 0, 0, 1, NULL),
(555, 230, 'items', 63, 1, 0, 0, 1, NULL),
(556, 230, 'items', 69, 2, 0, 0, 1, NULL),
(557, 231, 'resources', 17, 0, 0, 0, 1, NULL),
(558, 231, 'resources', 17, 1, 0, 0, 1, NULL),
(559, 231, 'resources', 17, 2, 0, 0, 1, NULL),
(560, 231, 'resources', 17, 3, 0, 0, 1, NULL),
(561, 232, 'resources', 17, 0, 0, 0, 1, NULL),
(562, 232, 'resources', 17, 1, 0, 0, 1, NULL),
(563, 232, 'resources', 17, 2, 0, 0, 1, NULL),
(564, 233, 'resources', 9, 0, 0, 0, 1, NULL),
(565, 233, 'resources', 9, 1, 0, 0, 1, NULL),
(566, 233, 'resources', 9, 2, 0, 0, 1, NULL),
(567, 234, 'items', 62, 0, 0, 0, 1, NULL),
(568, 234, 'resources', 1, 1, 0, 0, 3, NULL),
(569, 235, 'items', 62, 0, 0, 0, 1, NULL),
(570, 235, 'resources', 1, 1, 0, 0, 3, NULL),
(571, 236, 'items', 235, 0, 0, 0, 1, NULL),
(572, 236, 'items', 72, 1, 0, 0, 1, NULL),
(573, 236, 'items', 72, 2, 0, 0, 1, NULL),
(574, 236, 'items', 232, 3, 0, 0, 1, NULL),
(575, 237, 'items', 234, 0, 0, 0, 1, NULL),
(576, 237, 'items', 72, 1, 0, 0, 1, NULL),
(577, 237, 'items', 72, 2, 0, 0, 1, NULL),
(578, 237, 'items', 232, 3, 0, 0, 1, NULL),
(579, 238, 'items', 63, 0, 0, 0, 1, NULL),
(580, 238, 'items', 63, 1, 0, 0, 1, NULL),
(581, 238, 'items', 63, 2, 0, 0, 1, NULL),
(582, 238, 'items', 236, 3, 0, 0, 1, NULL),
(583, 238, 'items', 237, 4, 0, 0, 1, NULL),
(584, 239, 'items', 63, 0, 0, 0, 1, NULL),
(585, 239, 'items', 63, 1, 0, 0, 1, NULL),
(586, 239, 'items', 63, 2, 0, 0, 1, NULL),
(587, 240, 'items', 63, 0, 0, 0, 1, NULL),
(588, 240, 'items', 63, 1, 0, 0, 1, NULL),
(589, 240, 'items', 63, 2, 0, 0, 1, NULL),
(590, 241, 'items', 172, 0, 0, 0, 1, NULL),
(591, 241, 'items', 171, 1, 0, 0, 1, NULL),
(592, 241, 'items', 219, 2, 0, 0, 1, NULL),
(593, 242, 'items', 230, 0, 0, 0, 1, NULL),
(594, 242, 'items', 169, 1, 0, 0, 1, NULL),
(595, 242, 'items', 229, 2, 0, 0, 1, NULL),
(596, 243, 'items', 239, 0, 0, 0, 1, NULL),
(597, 243, 'items', 238, 1, 0, 0, 1, NULL),
(598, 243, 'items', 170, 2, 0, 0, 1, NULL),
(599, 244, 'items', 240, 0, 0, 0, 1, NULL),
(600, 244, 'items', 240, 1, 0, 0, 1, NULL),
(601, 244, 'items', 220, 2, 0, 0, 1, NULL),
(602, 244, 'items', 241, 3, 0, 0, 1, NULL),
(603, 244, 'resources', 32, 4, 1, 0, 1, NULL),
(604, 243, 'resources', 32, 3, 1, 0, 1, NULL),
(605, 242, 'resources', 32, 3, 1, 0, 1, NULL),
(606, 245, 'items', 72, 0, 0, 0, 1, NULL),
(607, 245, 'resources', 33, 1, 0, 0, 20, NULL),
(608, 246, 'items', 72, 0, 0, 0, 1, NULL),
(609, 246, 'items', 245, 1, 0, 0, 1, NULL),
(610, 246, 'resources', 33, 2, 0, 0, 20, NULL),
(611, 247, 'resources', 35, 0, 0, 0, 1, NULL),
(612, 247, 'resources', 34, 1, 0, 0, 5, NULL),
(613, 248, 'items', 247, 0, 0, 0, 1, NULL),
(614, 248, 'items', 246, 1, 0, 0, 10, NULL),
(615, 248, 'resources', 33, 2, 0, 0, 150, NULL),
(616, 249, 'items', 247, 0, 0, 0, 1, NULL),
(617, 249, 'items', 246, 1, 0, 0, 10, NULL),
(618, 249, 'resources', 33, 2, 0, 0, 300, NULL),
(619, 250, 'resources', 35, 0, 0, 0, 1, NULL),
(620, 250, 'resources', 35, 1, 0, 0, 1, NULL),
(621, 250, 'resources', 35, 2, 0, 0, 1, NULL),
(622, 250, 'resources', 35, 3, 0, 0, 1, NULL),
(623, 250, 'resources', 33, 4, 0, 0, 150, NULL),
(624, 251, 'items', 69, 0, 0, 0, 1, NULL),
(625, 251, 'items', 69, 1, 0, 0, 1, NULL),
(626, 251, 'items', 221, 2, 0, 0, 1, NULL),
(627, 251, 'resources', 33, 3, 0, 0, 150, NULL),
(628, 252, 'resources', 36, 0, 0, 0, 1, NULL),
(629, 252, 'resources', 1, 1, 0, 0, 3, NULL),
(630, 253, 'resources', 17, 0, 0, 0, 3, NULL),
(631, 253, 'resources', 17, 1, 0, 0, 3, NULL),
(632, 254, 'resources', 17, 0, 0, 1, 2, NULL),
(633, 254, 'resources', 37, 0, 0, 1, 2, NULL),
(634, 255, 'resources', 17, 0, 0, 0, 2, NULL),
(635, 256, 'resources', 37, 0, 0, 0, 2, NULL),
(636, 257, 'resources', 40, 0, 0, 0, 2, NULL),
(637, 258, 'resources', 39, 0, 0, 0, 2, NULL),
(638, 259, 'resources', 38, 0, 0, 0, 2, NULL),
(639, 259, 'items', 257, 1, 0, 0, 2, NULL),
(640, 259, 'items', 258, 2, 0, 0, 2, NULL),
(641, 260, 'items', 256, 0, 0, 0, 1, NULL),
(642, 260, 'items', 255, 1, 0, 0, 2, NULL),
(643, 260, 'resources', 41, 2, 1, 0, 1, NULL),
(644, 261, 'items', 260, 0, 0, 0, 1, NULL),
(645, 261, 'items', 260, 1, 0, 0, 1, NULL),
(646, 261, 'items', 260, 2, 0, 0, 1, NULL),
(647, 261, 'items', 260, 3, 0, 0, 1, NULL),
(648, 262, 'items', 255, 0, 0, 0, 1, NULL),
(649, 262, 'items', 255, 1, 0, 0, 1, NULL),
(650, 263, 'items', 262, 0, 0, 0, 1, NULL),
(651, 263, 'resources', 30, 1, 0, 0, 2, NULL),
(652, 263, 'resources', 41, 2, 1, 0, 1, NULL),
(653, 264, 'items', 262, 0, 0, 0, 1, NULL),
(654, 264, 'resources', 35, 1, 0, 0, 2, NULL),
(655, 264, 'resources', 41, 2, 1, 0, 1, NULL),
(656, 265, 'items', 262, 0, 0, 0, 1, NULL),
(657, 265, 'resources', 2, 1, 0, 0, 2, NULL),
(658, 265, 'resources', 41, 2, 0, 0, 1, NULL),
(659, 266, 'items', 262, 0, 0, 0, 1, NULL),
(660, 266, 'resources', 19, 1, 0, 0, 2, NULL),
(661, 266, 'resources', 41, 2, 1, 0, 1, NULL),
(662, 267, 'items', 262, 0, 0, 0, 1, NULL),
(663, 267, 'resources', 24, 1, 0, 0, 2, NULL),
(664, 267, 'resources', 41, 2, 0, 0, 1, NULL),
(665, 268, 'resources', 1, 0, 0, 0, 2, NULL),
(666, 268, 'resources', 1, 1, 0, 0, 2, NULL),
(667, 268, 'resources', 1, 2, 0, 0, 2, NULL),
(668, 269, 'resources', 42, 0, 0, 0, 1, NULL),
(669, 269, 'items', 252, 1, 0, 0, 1, NULL),
(670, 269, 'resources', 41, 2, 1, 0, 1, NULL),
(671, 270, 'resources', 42, 0, 0, 0, 1, NULL),
(672, 270, 'items', 252, 1, 0, 0, 1, NULL),
(673, 270, 'resources', 41, 2, 1, 0, 1, NULL),
(674, 271, 'resources', 42, 0, 0, 0, 1, NULL),
(675, 271, 'items', 252, 1, 0, 0, 1, NULL),
(676, 271, 'resources', 41, 2, 1, 0, 1, NULL),
(677, 272, 'items', 269, 0, 0, 1, 1, NULL),
(678, 272, 'items', 270, 0, 0, 1, 1, NULL),
(679, 272, 'items', 271, 0, 0, 1, 1, NULL),
(680, 272, 'items', 253, 3, 0, 0, 1, NULL),
(681, 272, 'resources', 41, 4, 1, 0, 1, NULL),
(682, 273, 'items', 255, 0, 0, 0, 2, NULL),
(683, 274, 'items', 272, 0, 0, 0, 1, NULL),
(684, 274, 'items', 273, 1, 0, 0, 1, NULL),
(685, 274, 'resources', 41, 2, 1, 0, 1, NULL),
(686, 275, 'resources', 43, 0, 0, 0, 1, NULL),
(687, 275, 'items', 273, 1, 0, 0, 1, NULL),
(688, 275, 'resources', 41, 2, 1, 0, 1, NULL),
(689, 276, 'resources', 1, 0, 0, 0, 1, NULL),
(690, 276, 'resources', 1, 1, 0, 0, 1, NULL),
(691, 277, 'resources', 1, 0, 0, 0, 2, NULL),
(692, 277, 'resources', 1, 1, 0, 0, 1, NULL),
(693, 277, 'resources', 1, 2, 0, 0, 1, NULL),
(694, 278, 'items', 274, 0, 0, 0, 1, NULL),
(695, 278, 'items', 277, 1, 0, 0, 1, NULL),
(696, 278, 'items', 276, 2, 0, 0, 1, NULL),
(697, 279, 'items', 250, 0, 0, 0, 1, NULL),
(698, 279, 'items', 251, 1, 0, 0, 1, NULL),
(699, 279, 'resources', 33, 2, 0, 0, 300, NULL),
(700, 279, 'items', 207, 3, 0, 0, 1, NULL),
(701, 279, 'items', 274, 4, 0, 0, 1, NULL),
(702, 280, 'items', 62, 0, 0, 0, 1, NULL),
(703, 280, 'resources', 1, 1, 0, 0, 2, NULL),
(704, 280, 'resources', 1, 2, 0, 0, 2, NULL),
(705, 281, 'items', 62, 0, 0, 0, 1, NULL),
(706, 281, 'resources', 1, 1, 0, 0, 2, NULL),
(707, 281, 'resources', 1, 2, 0, 0, 2, NULL),
(708, 282, 'items', 62, 0, 0, 0, 1, NULL),
(709, 282, 'resources', 1, 1, 0, 0, 2, NULL),
(710, 282, 'resources', 1, 2, 0, 0, 2, NULL),
(711, 283, 'items', 62, 0, 0, 0, 1, NULL),
(712, 283, 'resources', 1, 1, 0, 0, 2, NULL),
(713, 283, 'resources', 1, 2, 0, 0, 2, NULL),
(714, 284, 'items', 62, 0, 0, 0, 1, NULL),
(715, 284, 'resources', 1, 1, 0, 0, 2, NULL),
(716, 284, 'resources', 1, 2, 0, 0, 2, NULL),
(717, 285, 'items', 280, 0, 0, 1, 1, NULL),
(718, 285, 'items', 281, 0, 0, 1, 1, NULL),
(719, 285, 'items', 282, 0, 0, 1, 1, NULL),
(720, 285, 'items', 283, 0, 0, 1, 1, NULL),
(721, 285, 'items', 284, 0, 0, 1, 1, NULL),
(722, 285, 'items', 232, 1, 0, 1, 1, NULL),
(723, 285, 'items', 233, 1, 0, 1, 1, NULL),
(724, 286, 'items', 231, 0, 0, 0, 1, NULL),
(725, 286, 'resources', 44, 1, 0, 0, 1, NULL),
(726, 286, 'resources', 45, 2, 1, 0, 6, NULL),
(727, 287, 'resources', 19, 0, 0, 0, 10, NULL),
(728, 287, 'resources', 19, 1, 0, 0, 10, NULL),
(729, 288, 'resources', 19, 0, 0, 1, 10, NULL),
(730, 288, 'resources', 11, 0, 0, 1, 10, NULL),
(731, 288, 'resources', 19, 1, 0, 1, 10, NULL),
(732, 288, 'resources', 11, 1, 0, 1, 10, NULL),
(733, 289, 'resources', 11, 0, 0, 0, 10, NULL),
(734, 290, 'items', 72, 0, 0, 0, 1, NULL),
(735, 291, 'resources', 11, 0, 0, 0, 10, NULL),
(736, 292, 'resources', 24, 0, 0, 0, 5, NULL),
(737, 292, 'resources', 24, 1, 0, 0, 5, NULL),
(738, 292, 'items', 291, 2, 0, 0, 5, NULL),
(739, 293, 'resources', 19, 0, 0, 0, 10, NULL),
(740, 294, 'resources', 2, 0, 0, 0, 10, NULL),
(741, 295, 'items', 291, 0, 0, 0, 10, NULL),
(742, 295, 'items', 293, 1, 0, 0, 10, NULL),
(743, 295, 'items', 294, 2, 0, 0, 10, NULL),
(744, 296, 'items', 287, 0, 0, 0, 20, NULL),
(745, 296, 'items', 293, 1, 0, 0, 10, NULL),
(746, 297, 'resources', 19, 0, 0, 0, 10, NULL),
(747, 297, 'items', 290, 1, 0, 0, 100, NULL),
(748, 298, 'items', 289, 0, 0, 0, 100, NULL),
(749, 298, 'items', 292, 1, 0, 0, 10, NULL),
(750, 298, 'items', 290, 2, 0, 0, 100, NULL),
(751, 299, 'items', 287, 0, 0, 0, 20, NULL),
(752, 299, 'items', 297, 1, 0, 0, 4, NULL),
(753, 299, 'items', 292, 2, 0, 0, 10, NULL),
(754, 299, 'items', 290, 3, 0, 0, 40, NULL),
(755, 300, 'items', 287, 0, 0, 0, 20, NULL),
(756, 300, 'items', 297, 1, 0, 0, 2, NULL),
(757, 300, 'items', 290, 2, 0, 0, 40, NULL),
(758, 301, 'items', 296, 0, 0, 0, 10, NULL),
(759, 301, 'items', 298, 1, 0, 0, 10, NULL),
(760, 301, 'items', 299, 2, 0, 0, 10, NULL),
(761, 301, 'items', 290, 3, 0, 0, 100, NULL),
(762, 301, 'items', 300, 4, 0, 0, 10, NULL),
(763, 301, 'items', 288, 5, 0, 0, 100, NULL),
(764, 302, 'items', 296, 0, 0, 0, 15, NULL),
(765, 302, 'items', 298, 1, 0, 0, 15, NULL),
(766, 302, 'items', 299, 2, 0, 0, 15, NULL),
(767, 302, 'items', 290, 3, 0, 0, 100, NULL),
(768, 302, 'items', 300, 4, 0, 0, 15, NULL),
(769, 302, 'items', 288, 5, 0, 0, 100, NULL),
(770, 303, 'items', 301, 0, 0, 0, 1, NULL),
(771, 303, 'items', 296, 1, 0, 0, 5, NULL),
(772, 303, 'items', 298, 2, 0, 0, 5, NULL),
(773, 303, 'items', 299, 3, 0, 0, 5, NULL),
(774, 303, 'items', 290, 4, 0, 0, 50, NULL),
(775, 303, 'items', 300, 5, 0, 0, 5, NULL),
(776, 303, 'items', 288, 6, 0, 0, 50, NULL),
(777, 304, 'items', 303, 0, 0, 0, 1, NULL),
(778, 304, 'items', 296, 1, 0, 0, 5, NULL),
(779, 304, 'items', 298, 2, 0, 0, 5, NULL),
(780, 304, 'items', 299, 3, 0, 0, 5, NULL),
(781, 304, 'items', 290, 4, 0, 0, 50, NULL),
(782, 304, 'items', 300, 5, 0, 0, 5, NULL),
(783, 304, 'items', 288, 6, 0, 0, 50, NULL),
(784, 305, 'items', 302, 0, 0, 0, 1, NULL),
(785, 305, 'items', 296, 1, 0, 0, 10, NULL),
(786, 305, 'items', 298, 2, 0, 0, 10, NULL),
(787, 305, 'items', 299, 3, 0, 0, 10, NULL),
(788, 305, 'items', 290, 4, 0, 0, 100, NULL),
(789, 305, 'items', 300, 5, 0, 0, 10, NULL),
(790, 305, 'items', 288, 6, 0, 0, 100, NULL),
(791, 306, 'items', 295, 0, 0, 0, 10, NULL),
(792, 307, 'items', 295, 0, 0, 0, 10, NULL),
(793, 308, 'items', 295, 0, 0, 0, 10, NULL),
(794, 309, 'items', 308, 0, 0, 1, 1, NULL),
(795, 309, 'items', 307, 0, 0, 1, 1, NULL),
(796, 309, 'items', 306, 0, 0, 1, 1, NULL),
(797, 309, 'items', 308, 1, 0, 1, 1, NULL),
(798, 309, 'items', 307, 1, 0, 1, 1, NULL),
(799, 309, 'items', 306, 1, 0, 1, 1, NULL),
(800, 309, 'items', 295, 6, 0, 0, 5, NULL),
(801, 310, 'items', 309, 0, 0, 0, 1, NULL),
(802, 310, 'items', 308, 1, 0, 1, 1, NULL),
(803, 310, 'items', 307, 1, 0, 1, 1, NULL),
(804, 310, 'items', 306, 1, 0, 1, 1, NULL),
(805, 310, 'items', 295, 2, 0, 0, 5, NULL),
(806, 311, 'items', 309, 0, 0, 0, 1, NULL),
(807, 311, 'items', 308, 1, 0, 1, 1, NULL),
(808, 311, 'items', 307, 1, 0, 1, 1, NULL),
(809, 311, 'items', 306, 1, 0, 1, 1, NULL),
(810, 311, 'items', 295, 2, 0, 0, 5, NULL),
(811, 312, 'items', 311, 0, 0, 1, 1, NULL),
(812, 312, 'items', 310, 0, 0, 1, 1, NULL),
(813, 312, 'items', 308, 1, 0, 1, 1, NULL),
(814, 312, 'items', 307, 1, 0, 1, 1, NULL),
(815, 312, 'items', 308, 1, 0, 1, 1, NULL),
(816, 312, 'items', 295, 5, 0, 0, 5, NULL),
(817, 313, 'items', 311, 0, 0, 1, 1, NULL),
(818, 313, 'items', 310, 0, 0, 1, 1, NULL),
(819, 313, 'items', 310, 1, 0, 1, 1, NULL),
(820, 313, 'items', 311, 1, 0, 1, 1, NULL),
(821, 313, 'items', 295, 4, 0, 0, 5, NULL),
(822, 314, 'items', 312, 0, 0, 0, 1, NULL),
(823, 314, 'items', 312, 1, 0, 0, 1, NULL),
(824, 314, 'items', 295, 2, 0, 0, 5, NULL),
(826, 315, 'resources', 1, 0, 0, 0, 2, NULL),
(827, 315, 'resources', 1, 1, 0, 0, 2, NULL),
(828, 315, 'resources', 20, 2, 0, 0, 1, NULL),
(829, 315, 'resources', 24, 3, 0, 0, 2, NULL),
(830, 317, 'resources', 1, 0, 0, 0, 2, NULL),
(831, 317, 'resources', 1, 1, 0, 0, 2, NULL),
(832, 317, 'resources', 24, 2, 0, 0, 2, NULL),
(833, 317, 'resources', 46, 3, 0, 0, 1, NULL),
(834, 318, 'resources', 1, 0, 0, 0, 2, NULL),
(835, 318, 'resources', 1, 1, 0, 0, 2, NULL),
(836, 318, 'resources', 21, 2, 0, 0, 1, NULL),
(837, 318, 'resources', 24, 3, 0, 0, 2, NULL),
(838, 319, 'resources', 1, 0, 0, 0, 2, NULL),
(839, 319, 'resources', 1, 1, 0, 0, 2, NULL),
(840, 319, 'resources', 23, 2, 0, 0, 1, NULL),
(841, 319, 'resources', 24, 3, 0, 0, 2, NULL),
(842, 320, 'resources', 1, 0, 0, 0, 2, NULL),
(843, 320, 'resources', 1, 1, 0, 0, 2, NULL),
(844, 320, 'resources', 22, 2, 0, 0, 1, NULL),
(845, 320, 'resources', 24, 3, 0, 0, 2, NULL),
(846, 321, 'resources', 25, 0, 0, 0, 1, NULL),
(847, 321, 'resources', 25, 1, 0, 0, 1, NULL),
(848, 321, 'resources', 27, 2, 0, 0, 1, NULL),
(849, 322, 'resources', 3, 0, 0, 0, 3, NULL),
(850, 322, 'resources', 3, 1, 0, 0, 3, NULL),
(851, 322, 'resources', 3, 2, 0, 0, 3, NULL),
(852, 322, 'items', 44, 3, 0, 0, 1, NULL),
(853, 323, 'resources', 3, 0, 0, 0, 3, NULL),
(854, 323, 'resources', 3, 1, 0, 0, 3, NULL),
(855, 323, 'resources', 5, 2, 0, 0, 3, NULL),
(856, 323, 'items', 44, 3, 0, 0, 1, NULL),
(857, 324, 'resources', 3, 0, 0, 0, 3, NULL),
(858, 324, 'resources', 3, 1, 0, 0, 3, NULL),
(859, 324, 'resources', 6, 2, 0, 0, 3, NULL),
(860, 324, 'items', 44, 3, 0, 0, 1, NULL),
(861, 325, 'resources', 5, 0, 0, 0, 3, NULL),
(862, 325, 'resources', 5, 1, 0, 0, 3, NULL),
(863, 325, 'resources', 3, 2, 0, 0, 3, NULL),
(864, 325, 'items', 44, 3, 0, 0, 1, NULL),
(865, 326, 'resources', 5, 0, 0, 0, 3, NULL),
(866, 326, 'resources', 5, 1, 0, 0, 3, NULL),
(867, 326, 'resources', 5, 2, 0, 0, 3, NULL),
(868, 326, 'items', 44, 3, 0, 0, 1, NULL),
(869, 327, 'resources', 5, 0, 0, 0, 3, NULL),
(870, 327, 'resources', 5, 1, 0, 0, 3, NULL),
(871, 327, 'resources', 6, 2, 0, 0, 3, NULL),
(872, 327, 'items', 44, 3, 0, 0, 1, NULL),
(873, 328, 'resources', 6, 0, 0, 0, 3, NULL),
(874, 328, 'resources', 6, 1, 0, 0, 3, NULL),
(875, 328, 'resources', 3, 2, 0, 0, 3, NULL),
(876, 328, 'items', 44, 3, 0, 0, 1, NULL),
(877, 329, 'resources', 6, 0, 0, 0, 3, NULL),
(878, 329, 'resources', 6, 1, 0, 0, 3, NULL),
(879, 329, 'resources', 5, 2, 0, 0, 3, NULL),
(880, 329, 'items', 44, 3, 0, 0, 1, NULL),
(881, 330, 'resources', 6, 0, 0, 0, 3, NULL),
(882, 330, 'resources', 6, 1, 0, 0, 3, NULL),
(883, 330, 'resources', 6, 2, 0, 0, 3, NULL),
(884, 330, 'items', 44, 3, 0, 0, 1, NULL),
(885, 331, 'resources', 6, 0, 0, 0, 3, NULL),
(886, 331, 'resources', 6, 1, 0, 0, 3, NULL),
(887, 331, 'resources', 8, 2, 0, 0, 3, NULL),
(888, 331, 'items', 44, 3, 0, 0, 1, NULL),
(889, 332, 'resources', 7, 0, 0, 0, 3, NULL),
(890, 332, 'resources', 7, 1, 0, 0, 3, NULL),
(891, 332, 'resources', 3, 2, 0, 0, 3, NULL),
(892, 332, 'items', 44, 3, 0, 0, 1, NULL),
(893, 333, 'resources', 7, 0, 0, 0, 3, NULL),
(894, 333, 'resources', 7, 1, 0, 0, 3, NULL),
(895, 333, 'resources', 7, 2, 0, 0, 3, NULL),
(896, 333, 'items', 44, 3, 0, 0, 1, NULL),
(897, 334, 'resources', 7, 0, 0, 0, 3, NULL),
(898, 334, 'resources', 7, 1, 0, 0, 3, NULL),
(899, 334, 'resources', 7, 2, 0, 0, 3, NULL),
(900, 334, 'items', 44, 3, 0, 0, 1, NULL),
(901, 335, 'resources', 7, 0, 0, 0, 3, NULL),
(902, 335, 'resources', 7, 1, 0, 0, 3, NULL),
(903, 335, 'resources', 7, 2, 0, 0, 3, NULL),
(904, 335, 'items', 44, 3, 0, 0, 1, NULL),
(905, 336, 'resources', 8, 0, 0, 0, 3, NULL),
(906, 336, 'resources', 8, 1, 0, 0, 3, NULL),
(907, 336, 'resources', 3, 2, 0, 0, 3, NULL),
(908, 336, 'items', 44, 3, 0, 0, 1, NULL),
(909, 337, 'resources', 8, 0, 0, 0, 3, NULL),
(910, 337, 'resources', 8, 1, 0, 0, 3, NULL),
(911, 337, 'resources', 5, 2, 0, 0, 3, NULL),
(912, 337, 'items', 44, 3, 0, 0, 1, NULL),
(913, 338, 'resources', 8, 0, 0, 0, 3, NULL),
(914, 338, 'resources', 8, 1, 0, 0, 3, NULL),
(915, 338, 'resources', 6, 2, 0, 0, 3, NULL),
(916, 338, 'items', 44, 3, 0, 0, 1, NULL),
(917, 339, 'resources', 8, 0, 0, 0, 3, NULL),
(918, 339, 'resources', 8, 1, 0, 0, 3, NULL),
(919, 339, 'resources', 7, 2, 0, 0, 3, NULL),
(920, 339, 'items', 44, 3, 0, 0, 1, NULL),
(921, 340, 'resources', 8, 0, 0, 0, 3, NULL),
(922, 340, 'resources', 8, 1, 0, 0, 3, NULL),
(923, 340, 'resources', 8, 2, 0, 0, 3, NULL),
(924, 340, 'items', 44, 3, 0, 0, 1, NULL),
(925, 341, 'resources', 3, 0, 0, 0, 3, NULL),
(926, 341, 'resources', 7, 1, 0, 0, 3, NULL),
(927, 341, 'resources', 8, 2, 0, 0, 3, NULL),
(928, 342, 'resources', 5, 0, 0, 0, 3, NULL),
(929, 342, 'resources', 6, 1, 0, 0, 3, NULL),
(930, 342, 'resources', 7, 2, 0, 0, 3, NULL),
(931, 342, 'items', 44, 3, 0, 0, 1, NULL),
(932, 343, 'resources', 3, 0, 0, 0, 3, NULL),
(933, 343, 'resources', 3, 1, 0, 0, 3, NULL),
(934, 343, 'resources', 3, 2, 0, 0, 3, NULL),
(935, 343, 'items', 44, 3, 0, 0, 1, NULL),
(936, 344, 'resources', 3, 0, 0, 0, 3, NULL),
(937, 344, 'resources', 3, 1, 0, 0, 3, NULL),
(938, 344, 'resources', 5, 2, 0, 0, 3, NULL),
(939, 344, 'items', 44, 3, 0, 0, 1, NULL),
(940, 345, 'resources', 3, 0, 0, 0, 3, NULL),
(941, 345, 'resources', 3, 1, 0, 0, 3, NULL),
(942, 345, 'resources', 6, 2, 0, 0, 3, NULL),
(943, 345, 'items', 44, 3, 0, 0, 1, NULL),
(944, 346, 'resources', 5, 0, 0, 0, 3, NULL),
(945, 346, 'resources', 5, 1, 0, 0, 3, NULL),
(946, 346, 'resources', 3, 2, 0, 0, 3, NULL),
(947, 346, 'items', 44, 3, 0, 0, 1, NULL),
(948, 347, 'resources', 5, 0, 0, 0, 3, NULL),
(949, 347, 'resources', 5, 1, 0, 0, 3, NULL),
(950, 347, 'resources', 5, 2, 0, 0, 3, NULL),
(951, 347, 'items', 44, 3, 0, 0, 1, NULL),
(952, 348, 'resources', 5, 0, 0, 0, 3, NULL),
(953, 348, 'resources', 5, 1, 0, 0, 3, NULL),
(954, 348, 'resources', 6, 2, 0, 0, 3, NULL),
(955, 348, 'items', 44, 3, 0, 0, 1, NULL),
(956, 349, 'resources', 6, 0, 0, 0, 3, NULL),
(957, 349, 'resources', 6, 1, 0, 0, 3, NULL),
(958, 349, 'resources', 3, 2, 0, 0, 3, NULL),
(959, 349, 'items', 44, 3, 0, 0, 1, NULL),
(960, 350, 'resources', 6, 0, 0, 0, 3, NULL),
(961, 350, 'resources', 6, 1, 0, 0, 3, NULL),
(962, 350, 'resources', 5, 2, 0, 0, 3, NULL),
(963, 350, 'items', 44, 3, 0, 0, 1, NULL),
(964, 351, 'resources', 6, 0, 0, 0, 3, NULL),
(965, 351, 'resources', 6, 1, 0, 0, 3, NULL),
(966, 351, 'resources', 6, 2, 0, 0, 3, NULL),
(967, 351, 'items', 44, 3, 0, 0, 1, NULL),
(968, 352, 'resources', 6, 0, 0, 0, 3, NULL),
(969, 352, 'resources', 6, 1, 0, 0, 3, NULL),
(970, 352, 'resources', 8, 2, 0, 0, 3, NULL),
(971, 352, 'items', 44, 3, 0, 0, 1, NULL),
(972, 353, 'resources', 7, 0, 0, 0, 3, NULL),
(973, 353, 'resources', 7, 1, 0, 0, 3, NULL),
(974, 353, 'resources', 3, 2, 0, 0, 3, NULL),
(975, 353, 'items', 44, 3, 0, 0, 1, NULL),
(976, 354, 'resources', 7, 0, 0, 0, 3, NULL),
(977, 354, 'resources', 7, 1, 0, 0, 3, NULL),
(978, 354, 'resources', 7, 2, 0, 0, 3, NULL),
(979, 354, 'items', 44, 3, 0, 0, 1, NULL),
(980, 355, 'resources', 7, 0, 0, 0, 3, NULL),
(981, 355, 'resources', 7, 1, 0, 0, 3, NULL),
(982, 355, 'resources', 7, 2, 0, 0, 3, NULL),
(983, 355, 'items', 44, 3, 0, 0, 1, NULL),
(984, 356, 'resources', 7, 0, 0, 0, 3, NULL),
(985, 356, 'resources', 7, 1, 0, 0, 3, NULL),
(986, 356, 'resources', 7, 2, 0, 0, 3, NULL),
(987, 356, 'items', 44, 3, 0, 0, 1, NULL),
(988, 357, 'resources', 8, 0, 0, 0, 3, NULL),
(989, 357, 'resources', 8, 1, 0, 0, 3, NULL),
(990, 357, 'resources', 3, 2, 0, 0, 3, NULL),
(991, 357, 'items', 44, 3, 0, 0, 1, NULL),
(992, 358, 'resources', 8, 0, 0, 0, 3, NULL),
(993, 358, 'resources', 8, 1, 0, 0, 3, NULL),
(994, 358, 'resources', 5, 2, 0, 0, 3, NULL),
(995, 358, 'items', 44, 3, 0, 0, 1, NULL),
(996, 359, 'resources', 8, 0, 0, 0, 3, NULL),
(997, 359, 'resources', 8, 1, 0, 0, 3, NULL),
(998, 359, 'resources', 6, 2, 0, 0, 3, NULL),
(999, 359, 'items', 44, 3, 0, 0, 1, NULL),
(1000, 360, 'resources', 8, 0, 0, 0, 3, NULL),
(1001, 360, 'resources', 8, 1, 0, 0, 3, NULL),
(1002, 360, 'resources', 7, 2, 0, 0, 3, NULL),
(1003, 360, 'items', 44, 3, 0, 0, 1, NULL),
(1004, 361, 'resources', 8, 0, 0, 0, 3, NULL),
(1005, 361, 'resources', 8, 1, 0, 0, 3, NULL),
(1006, 361, 'resources', 8, 2, 0, 0, 3, NULL),
(1007, 361, 'items', 44, 3, 0, 0, 1, NULL),
(1008, 362, 'resources', 3, 0, 0, 0, 3, NULL),
(1009, 362, 'resources', 7, 1, 0, 0, 3, NULL),
(1010, 362, 'resources', 8, 2, 0, 0, 3, NULL),
(1011, 363, 'resources', 5, 0, 0, 0, 3, NULL),
(1012, 363, 'resources', 6, 1, 0, 0, 3, NULL),
(1013, 363, 'resources', 7, 2, 0, 0, 3, NULL),
(1014, 363, 'items', 44, 3, 0, 0, 1, NULL),
(1015, 364, 'resources', 47, 0, 0, 0, 1, NULL),
(1016, 364, 'resources', 34, 1, 0, 0, 5, NULL),
(1017, 365, 'resources', 48, 0, 0, 0, 1, NULL),
(1018, 365, 'resources', 34, 1, 0, 0, 5, NULL),
(1019, 366, 'resources', 49, 0, 0, 0, 1, NULL),
(1020, 366, 'resources', 34, 1, 0, 0, 5, NULL),
(1021, 367, 'resources', 50, 0, 0, 0, 1, NULL),
(1022, 367, 'resources', 34, 1, 0, 0, 5, NULL),
(1023, 368, 'resources', 51, 0, 0, 0, 1, NULL),
(1024, 368, 'resources', 34, 1, 0, 0, 5, NULL);

-- --------------------------------------------------------

--
-- Table structure for table `item_stats`
--

CREATE TABLE `item_stats` (
  `id` int(10) UNSIGNED NOT NULL,
  `stat` varchar(256) NOT NULL,
  `item_id` int(10) UNSIGNED NOT NULL,
  `value` decimal(10,3) NOT NULL DEFAULT '0.000',
  `quality` int(10) UNSIGNED NOT NULL
) ENGINE=InnoDB DEFAULT CHARSET=latin1;

--
-- Dumping data for table `item_stats`
--

INSERT INTO `item_stats` (`id`, `stat`, `item_id`, `value`, `quality`) VALUES
(3, 'Attack Power', 78, '0.000', 0),
(4, 'Attack Power', 66, '0.000', 0),
(5, 'Max Stamina', 67, '0.000', 0),
(6, 'Lifesteal', 68, '0.000', 0),
(7, 'Stealth', 70, '0.050', 0),
(8, 'Retribution', 71, '0.040', 0),
(9, 'Bleed Damage', 73, '0.060', 0),
(10, 'Support Power', 77, '0.000', 0),
(12, 'Stonemasonry Experimentation', 92, '0.000', 0),
(13, 'Beneficial Harvest Power Skinning', 93, '0.000', 0),
(14, 'Beneficial Harvest Power Stone', 94, '0.000', 0),
(15, 'Beneficial Harvest Power Ore', 95, '0.000', 0),
(16, 'Leatherworking Experimentation', 96, '0.000', 0),
(17, 'Jewelcrafting Speed', 97, '0.000', 0),
(18, 'Basic Crafting', 98, '0.000', 0),
(19, 'Beneficial Harvest Power Wood', 99, '0.000', 0),
(20, 'Alchemy Crafting Speed', 100, '0.000', 0),
(21, 'Max Stamina', 101, '0.000', 0),
(22, 'Stamina & Combat Stamina Regeneration', 102, '0.020', 0),
(23, 'Electricity Damage', 103, '0.060', 0),
(24, 'Critical Hit Chance', 104, '0.040', 0),
(25, 'Alchemy Experimentation', 105, '0.000', 0),
(26, 'Blacksmithing Crafting Speed', 106, '0.000', 0),
(27, 'Harvest Critical Chance Wood', 107, '0.000', 0),
(28, 'Basic Crafting Speed', 108, '0.000', 0),
(29, 'Enchanting Crafting Speed', 109, '0.000', 0),
(30, 'Jewelcrafting Experimentation', 110, '0.000', 0),
(31, 'Leatherworking', 111, '0.000', 0),
(32, 'Harvest Critical Chance Ore', 112, '0.000', 0),
(33, 'Necromancy Crafting Speed', 113, '0.000', 0),
(34, 'Harvest Critical Chance Stone', 114, '0.000', 0),
(35, 'Runemaking Crafting Speed', 115, '0.000', 0),
(36, 'Harvest Critical Chance Skinning', 116, '0.000', 0),
(37, 'Stonemasonry', 117, '0.000', 0),
(38, 'Woodworking Crafting Speed', 118, '0.000', 0),
(39, 'Out-of-Combat Stamina Regen', 119, '0.000', 0),
(40, 'Disease Damage', 120, '0.060', 0),
(41, 'Stealth', 121, '0.050', 0),
(42, 'Fire Damage', 122, '0.060', 0),
(43, 'Support Power', 123, '0.400', 0),
(44, 'Alchemy', 124, '0.000', 0),
(45, 'Harvest Critical Amount Wood', 125, '0.000', 0),
(46, 'Jewelcrafting', 126, '0.000', 0),
(47, 'Leatherworking Crafting Speed', 127, '0.000', 0),
(48, 'Harvest Critical Amount Ore', 128, '0.000', 0),
(49, 'Harvest Critical Amount Stone', 129, '0.000', 0),
(50, 'Harvest Critical Amount Skinning', 130, '0.000', 0),
(51, 'Stonemasonry Crafting Speed', 131, '0.000', 0),
(52, 'In-Combat Stamina Regen', 132, '0.000', 0),
(53, 'Crush Damage', 133, '0.060', 0),
(54, 'Slashing Damage', 134, '0.060', 0),
(55, 'Ice Damage', 135, '0.060', 0),
(56, 'Attack Power', 136, '0.040', 0),
(57, 'Blacksmithing', 137, '0.000', 0),
(58, 'Plethora of Dust Wood', 138, '0.000', 0),
(59, 'Basic Crafting Experimentation Points', 139, '0.000', 0),
(60, 'Enchanting', 140, '0.000', 0),
(61, 'Plethora of Dust Ore', 141, '0.000', 0),
(62, 'Necromancy', 142, '0.000', 0),
(63, 'Plethora of Dust Stone', 143, '0.000', 0),
(64, 'Runemaking', 144, '0.000', 0),
(65, 'Plethora of Dust Skinning', 145, '0.000', 0),
(66, 'Woodworking', 146, '0.000', 0),
(67, 'Poison Damage', 147, '0.060', 0),
(68, 'Critical Hit Damage', 148, '0.000', 0),
(69, 'Piercing Damage', 149, '0.000', 0),
(70, 'Resource', 150, '0.500', 0),
(71, 'Blacksmithing Experimentations', 151, '0.000', 0),
(72, 'Beneficial Harvest Chance Wood', 152, '0.000', 0),
(73, 'Enchanting Experimentation', 153, '0.000', 0),
(74, 'Beneficial Harvest Chance Ore', 154, '0.000', 0),
(75, 'Necromancy Experimentation', 155, '0.000', 0),
(76, 'Beneficial Harvest Chance Stone', 156, '0.000', 0),
(77, 'Runemaking Experimentation', 157, '0.000', 0),
(78, 'Beneficial Harvest Chance Skinning', 158, '0.000', 0),
(79, 'Woodworking Experimentation', 159, '0.000', 0),
(80, 'Resource Regeneration', 160, '0.040', 0),
(81, 'Nature Damage', 161, '0.060', 0),
(88, 'Physical Mitigations', 315, '0.190', 0),
(89, 'Physical Mitigations', 317, '0.190', 0),
(90, 'Pierce Resistance', 318, '0.320', 0),
(91, 'Slashing Resistance', 318, '0.080', 0),
(92, 'Crush Resistance', 318, '0.080', 0),
(93, 'Slashing Resistance', 319, '0.320', 0),
(94, 'Pierce Resistance', 319, '0.080', 0),
(95, 'Crush Resistance', 319, '0.080', 0),
(96, 'Crush Resistance', 320, '0.320', 0),
(97, 'Pierce Resistance', 320, '0.080', 0),
(98, 'Slashing Resistance', 320, '0.080', 0),
(99, 'Slashing Resistance', 321, '0.020', 0),
(100, 'Max HP', 322, '21.000', 0),
(101, 'Electricity Resistance', 323, '0.020', 0),
(102, 'Crush Resistance', 324, '0.020', 0),
(103, 'Earth Resistance', 325, '0.020', 0),
(104, 'Attack Power', 326, '0.500', 0),
(105, 'Attack Power', 327, '0.400', 0),
(106, 'Lifesteal', 328, '0.060', 0),
(107, 'Pierce Resistance', 329, '0.020', 0),
(108, 'Retribution', 330, '0.050', 0),
(109, 'Poison Resistance', 331, '0.020', 0),
(110, 'Resource Regeneration', 332, '0.040', 0),
(111, 'Ice Resistance', 333, '0.020', 0),
(112, 'Disease Resistance', 334, '0.020', 0),
(113, 'Resource', 335, '0.400', 0),
(114, 'Health Regen', 336, '0.400', 0),
(115, 'Fire Resistance', 337, '0.020', 0),
(116, 'Perception', 338, '0.050', 0),
(117, 'Combat Resource Regen', 339, '0.040', 0),
(118, 'Support Power', 340, '0.400', 0),
(119, 'Combat Health Regen', 341, '0.400', 0),
(120, 'Slashing Resistance', 342, '0.020', 0),
(121, 'Max HP', 343, '21.000', 0),
(122, 'Electricity Resistance', 344, '0.020', 0),
(123, 'Crush Resistance', 345, '0.020', 0),
(124, 'Earth Resistance', 346, '0.020', 0),
(125, 'Attack Power', 347, '0.500', 0),
(126, 'Attack Power', 348, '0.400', 0),
(127, 'Lifesteal', 349, '0.060', 0),
(128, 'Pierce Resistance', 350, '0.020', 0),
(129, 'Retribution', 351, '0.050', 0),
(130, 'Poison Resistance', 352, '0.020', 0),
(131, 'Resource Regeneration', 353, '0.040', 0),
(132, 'Ice Resistance', 354, '0.020', 0),
(133, 'Disease Resistance', 355, '0.020', 0),
(134, 'Resource', 356, '0.400', 0),
(135, 'Health Regen', 357, '0.400', 0),
(136, 'Fire Resistance', 358, '0.020', 0),
(137, 'Perception', 359, '0.050', 0),
(138, 'Combat Resource Regen', 360, '0.040', 0),
(139, 'Support Power', 361, '0.400', 0),
(140, 'Combat Health Regen', 362, '0.400', 0),
(141, 'Slashing Resistance', 363, '0.020', 0);

-- --------------------------------------------------------

--
-- Table structure for table `resources`
--

CREATE TABLE `resources` (
  `id` int(10) UNSIGNED NOT NULL,
  `name` varchar(256) NOT NULL,
  `parent_id` int(10) UNSIGNED DEFAULT NULL
) ENGINE=InnoDB DEFAULT CHARSET=latin1;

--
-- Dumping data for table `resources`
--

INSERT INTO `resources` (`id`, `name`, `parent_id`) VALUES
(1, 'Ore', NULL),
(2, 'Premium Ore', 1),
(3, 'Copper', 2),
(4, 'Slag', 1),
(5, 'Iron', 2),
(6, 'Tin', 2),
(7, 'Silver', 2),
(8, 'Gold', 2),
(9, 'Wood', NULL),
(10, 'Knotwood', 9),
(11, 'Premium Wood', 9),
(12, 'Ash', 11),
(13, 'Birch', 11),
(14, 'Spruce', 11),
(15, 'Oak', 11),
(16, 'Yew', 11),
(17, 'Stone', NULL),
(18, 'Cobblestone', 17),
(19, 'Premium Stone', 17),
(20, 'Granite', 19),
(21, 'Tavertine', 19),
(22, 'Slate', 19),
(23, 'Marble', 19),
(24, 'Hide', NULL),
(25, 'Cat Hide', 24),
(26, 'Boar Hide', 24),
(27, 'Auroch Hide', 24),
(28, 'Elk Hide', 24),
(29, 'Bear Hide', 24),
(30, 'Animal Meat', NULL),
(31, 'Scavanged Ingredients', NULL),
(32, 'Hunger Shard', NULL),
(33, 'Ethereal Dust', NULL),
(34, 'Beeswax', NULL),
(35, 'Heartwood', NULL),
(36, 'Cutting Grit', NULL),
(37, 'Mineral', NULL),
(38, 'apple', NULL),
(39, 'Cinnabar', 37),
(40, 'Hattel', 37),
(41, 'Water Flask', NULL),
(42, 'Rough Gem', NULL),
(43, 'Rough Soulgem', NULL),
(44, 'Captured Thrall', NULL),
(45, 'Blood', NULL),
(46, 'Limestone', 17),
(47, 'Oak Heartwood', 35),
(48, 'Birch Heartwood', 35),
(49, 'Spruce Heartwood', 35),
(50, 'Ash Heartwood', 35),
(51, 'Yew Heartwood', 35);

-- --------------------------------------------------------

--
-- Table structure for table `stats`
--

CREATE TABLE `stats` (
  `name` varchar(256) NOT NULL
) ENGINE=InnoDB DEFAULT CHARSET=latin1;

--
-- Dumping data for table `stats`
--

INSERT INTO `stats` (`name`) VALUES
('Alchemy'),
('Alchemy Crafting Speed'),
('Alchemy Experimentation'),
('Attack Power'),
('Basic Crafting'),
('Basic Crafting Experimentation Points'),
('Basic Crafting Speed'),
('Beneficial Harvest Chance Ore'),
('Beneficial Harvest Chance Skinning'),
('Beneficial Harvest Chance Stone'),
('Beneficial Harvest Chance Wood'),
('Beneficial Harvest Power Ore'),
('Beneficial Harvest Power Skinning'),
('Beneficial Harvest Power Stone'),
('Beneficial Harvest Power Wood'),
('Blacksmithing'),
('Blacksmithing Crafting Speed'),
('Blacksmithing Experimentations'),
('Bleed Damage'),
('Combat Health Regen'),
('Combat Resource Regen'),
('Combat Stamina Regen'),
('Crafting Basic'),
('Crafting Basic Crafting Speed'),
('Crafting Basic Experimentation'),
('Crit Dmg'),
('Critical Hit Chance'),
('Critical Hit Damage'),
('Crush Damage'),
('Crush Resistance'),
('Damage Bonus Fire'),
('Damage Bonus Slashing'),
('Damage Modifier'),
('Disease Damage'),
('Disease Resistance'),
('Dodge Efficiency'),
('Earth Resistance'),
('Electricity Damage'),
('Electricity Resistance'),
('Enchanting'),
('Enchanting Crafting Speed'),
('Enchanting Experimentation'),
('Fire Damage'),
('Fire Resistance'),
('Harvest Critical Amount Ore'),
('Harvest Critical Amount Skinning'),
('Harvest Critical Amount Stone'),
('Harvest Critical Amount Wood'),
('Harvest Critical Chance Ore'),
('Harvest Critical Chance Skinning'),
('Harvest Critical Chance Stone'),
('Harvest Critical Chance Wood'),
('Harvest Efficiency'),
('Healing Modifier'),
('Health'),
('Health & Combat Health Regen'),
('Health Regen'),
('Ice'),
('Ice Damage'),
('Ice Resistance'),
('In-Combat Stamina Regen'),
('Inventory Base Slots'),
('Jewelcrafting'),
('Jewelcrafting Experimentation'),
('Jewelcrafting Speed'),
('Leatherworking'),
('Leatherworking Crafting Speed'),
('Leatherworking Experimentation'),
('Lifesteal'),
('Lightning Resistance'),
('Max HP'),
('Max Stamina'),
('NA - Attack Power'),
('NA - Max Stamina'),
('NA - Resource'),
('NA - Support Power'),
('Nature Damage'),
('Necromancy'),
('Necromancy Crafting Speed'),
('Necromancy Experimentation'),
('None'),
('Out-of-Combat Stamina Regen'),
('Perception'),
('Physical Mitigations'),
('Pierce Resistance'),
('Piercing Damage'),
('Plethora of Dust Ore'),
('Plethora of Dust Skinning'),
('Plethora of Dust Stone'),
('Plethora of Dust Wood'),
('Poison Damage'),
('Poison Resistance'),
('Resource'),
('Resource Regeneration'),
('Retribution'),
('Root Defense'),
('Runemaking'),
('Runemaking Crafting Speed'),
('Runemaking Experimentation'),
('Slashing Damage'),
('Slashing Resistance'),
('Sprint Efficiency'),
('Stamina & Combat Stamina Regeneration'),
('Stealth'),
('Stonemasonry'),
('Stonemasonry Crafting Speed'),
('Stonemasonry Experimentation'),
('Support Power'),
('Sustenance'),
('Woodworking'),
('Woodworking Crafting Speed'),
('Woodworking Experimentation');

--
-- Indexes for dumped tables
--

--
-- Indexes for table `categories`
--
ALTER TABLE `categories`
  ADD PRIMARY KEY (`id`),
  ADD KEY `parent_category` (`parent_id`);

--
-- Indexes for table `items`
--
ALTER TABLE `items`
  ADD PRIMARY KEY (`id`),
  ADD KEY `parent_item` (`parent_id`),
  ADD KEY `item_category` (`category_id`);

--
-- Indexes for table `item_recipes`
--
ALTER TABLE `item_recipes`
  ADD PRIMARY KEY (`id`),
  ADD KEY `recipe_item` (`item_id`),
  ADD KEY `wildcard_item_id` (`wildcard_item_id`);

--
-- Indexes for table `item_stats`
--
ALTER TABLE `item_stats`
  ADD PRIMARY KEY (`id`),
  ADD KEY `item_item` (`item_id`),
  ADD KEY `item_stat_quality` (`quality`),
  ADD KEY `stat` (`stat`);

--
-- Indexes for table `resources`
--
ALTER TABLE `resources`
  ADD PRIMARY KEY (`id`),
  ADD KEY `parent_resource` (`parent_id`);

--
-- Indexes for table `stats`
--
ALTER TABLE `stats`
  ADD PRIMARY KEY (`name`);

--
-- AUTO_INCREMENT for dumped tables
--

--
-- AUTO_INCREMENT for table `categories`
--
ALTER TABLE `categories`
  MODIFY `id` int(10) UNSIGNED NOT NULL AUTO_INCREMENT, AUTO_INCREMENT=40;
--
-- AUTO_INCREMENT for table `items`
--
ALTER TABLE `items`
  MODIFY `id` int(10) UNSIGNED NOT NULL AUTO_INCREMENT, AUTO_INCREMENT=369;
--
-- AUTO_INCREMENT for table `item_recipes`
--
ALTER TABLE `item_recipes`
  MODIFY `id` int(10) UNSIGNED NOT NULL AUTO_INCREMENT, AUTO_INCREMENT=1025;
--
-- AUTO_INCREMENT for table `item_stats`
--
ALTER TABLE `item_stats`
  MODIFY `id` int(10) UNSIGNED NOT NULL AUTO_INCREMENT, AUTO_INCREMENT=142;
--
-- AUTO_INCREMENT for table `resources`
--
ALTER TABLE `resources`
  MODIFY `id` int(10) UNSIGNED NOT NULL AUTO_INCREMENT, AUTO_INCREMENT=52;
--
-- Constraints for dumped tables
--

--
-- Constraints for table `categories`
--
ALTER TABLE `categories`
  ADD CONSTRAINT `categories_ibfk_1` FOREIGN KEY (`parent_id`) REFERENCES `categories` (`id`);

--
-- Constraints for table `items`
--
ALTER TABLE `items`
  ADD CONSTRAINT `item_category` FOREIGN KEY (`category_id`) REFERENCES `categories` (`id`),
  ADD CONSTRAINT `items_ibfk_1` FOREIGN KEY (`parent_id`) REFERENCES `items` (`id`);

--
-- Constraints for table `item_recipes`
--
ALTER TABLE `item_recipes`
  ADD CONSTRAINT `item_recipes_ibfk_1` FOREIGN KEY (`item_id`) REFERENCES `items` (`id`),
  ADD CONSTRAINT `item_recipes_ibfk_2` FOREIGN KEY (`wildcard_item_id`) REFERENCES `items` (`id`);

--
-- Constraints for table `item_stats`
--
ALTER TABLE `item_stats`
  ADD CONSTRAINT `item_stats_ibfk_1` FOREIGN KEY (`stat`) REFERENCES `stats` (`name`) ON UPDATE CASCADE,
  ADD CONSTRAINT `item_stats_item` FOREIGN KEY (`item_id`) REFERENCES `items` (`id`);

--
-- Constraints for table `resources`
--
ALTER TABLE `resources`
  ADD CONSTRAINT `resources_ibfk_1` FOREIGN KEY (`parent_id`) REFERENCES `resources` (`id`);

/*!40101 SET CHARACTER_SET_CLIENT=@OLD_CHARACTER_SET_CLIENT */;
/*!40101 SET CHARACTER_SET_RESULTS=@OLD_CHARACTER_SET_RESULTS */;
/*!40101 SET COLLATION_CONNECTION=@OLD_COLLATION_CONNECTION */;
